ENTIDAD;Abr;Calle;Número;Piso;Dto;CP;Ciudad;Provincia;Tel I;Tel II;Fax;Correo;Web Site
Asociación Argentina de Empresarios del Transporte Automotor -  AAETA;;Bernardo Irigoyen;Nº 330;Piso 6º;Of. 133;1072;Capital Federal;Buenos Aires;(54) (11) 4334-3254;(54) (11) 4334-3409;(54) (11) 4334-6513;info@aaeta.org.ar;http://www.aaeta.org.ar
Asociación Argentina de Franchising - AAF;;Avenida Libertador;Nº 222;Piso 7º;"""A""";1001;Capital Federal;Buenos Aires;(54) (11) 4394 - 3318;(54) (11) 9/17hs;(54) (11) 4394-8107;info@aafranchising.com.ar;http://www.aafranchising.com.ar
Asociación Civil New Argentina para la Capacitación Empresarial - NEWW Argentina;;Riobamba;Nº 863;Piso 8º;Dto. 16;1116;Capital Federal;Buenos Aires;;;;administracion@neww.org.ar;http://www.neww.org
Asociación Comerciantes en Materiales para la Construcción - ACOMAC;;Viamonte;Nº 2160;;;1056;Capital Federal;Buenos Aires;(54) (11) 4952-9393/4566-6621;(54) (11) 4567-2484;(54) (11) 4952-8574(fax)/4567-7520;acomacargentina@yahoo.com;http://
Asociación de Concesionarios de Automotores de la República Argentina - ACARA;;Lima;N° 265;Piso 3º;;1073;Capital Federal;Buenos Aires;(54) (11) 4383-2020 -127;(54) (11) 4383-2029;(54) (11) 4381-6767 Int 134;info@acara.org.ar;http://www.acara.org.ar
Asociación de Consejeros Agregados Comerciales y Económicos;;Defensa;N° 1460;;;1143;Capital Federal;Buenos Aires;(54) (11) 4361-7933;(54) (11) ;(54) (11) 4361-6610;info@elmundoenargentina.com;http://
Asociación de Entidades de Educación a Distancia y Tecnologías Educativas de la República Argentina - EDUTIC;;Carlos Pellegrini;N° 445;Piso 1°;Dto. A;1009;Capital Federal;Buenos Aires;(54) (11) 4328-3027;(54) (11) ;(54) (11) 4328-3138;edutic@eidec.com.ar;http://www.edutic.org.ar
Asociación de Fabricantes de Porcelana, Loza y Afines - AFAPOLA;;Avenida  L. N. Alem;Nº 1067;Piso 13;Of. 43;1001;Capital Federal;Buenos Aires;(54) (11) 4313-0064;;(54) (11) 4313-7544;afapola@fibertel.com.ar;http://
Asociación de la Prensa Técnica y Especializada Argentina - APTA;;Marcelo T. de Alvear;N° 976;Piso 6º;"Of. ""E""";1058;Capital Federal;Buenos Aires;(54) (11) 4328-2170;;(54) (11) 4328-2170;apta@apta.org.ar;http://www.apta.org.ar
Asociación de Radiotaxis Argentinos - AARA;;Santander;Nº 892;;;1424;Capital Federal;Buenos Aires;;;;;http://
Asociación Empresarios Cinematográficos de la Provincia de Buenos Aires;;Ayacucho;Nº 457;Piso 1º;Ofic.13;1026;Capital Federal;Buenos Aires;(54) (11) 4953-1234;;(54) (11) 4953-1234;empcinemato@infovia.com.ar;http://www.fadec.org.ar
Asociación Empresarios de Cinematógrafos - Cap. Fed.;;Ayacucho;Nº 457;Piso 1º;Ofic. 13;1026;Capital Federal;Buenos Aires;(54) (11) 4953-1234;;(54) (11) 4953-1234;empcinemato@infovia.com.ar;http://www.fadec.org.ar
Asociación Estaciones de Servicios de la República Argentina;;Belgrano;N° 3700;;;1210;Capital Federal;Buenos Aires;(54) (11) 4931-2765;(54) (11) 4957-2711;;aes@aesargentina.com;http://www.aesargentina.com
Asociación Fabricantes Artesanales de Helados y Afines - AFADHYA;;Callao;Nº 449;Piso 9º;"""D""";1022;Capital Federal;Buenos Aires;(54) (11) 4374-8159;;(54) (11) 4374-7645;heladosha@afadhya.com.ar;http://www.afadhya.com.ar
Asociación Peatonal Lavalle Nuevamente;;Lavalle;Nº 780;;;1047;Capital Federal;Buenos Aires;(54) (11) 4393-9008;(54) (11) 4322-1515;(54) (11) 4326-1596;nfeldman@cinesmultiplex.com.ar;http://
Cámara Algodonera Argentina;;Lavalle;N° 381;Piso 8°;Dto. 30;1047;Capital Federal;Buenos Aires;(54) (11) 4314-0321;;(54) (11) 4314-2492;calg@fibertel.com.ar;http://www.camaraalgodonera.com.ar
Cámara Argentina de Comerciantes de Productos Fonográficos;;Lavalle;N° 1447;Piso 3º;Of. 7;1053;Capital Federal;Buenos Aires;(54) (11) 4393-3397;(54) (11) 4322-2390;(54) (11) 4372-8097;estudiogari@fibertel.com.ar;http://
Cámara Argentina de Comerciantes en Máquinas para Coser;;Humberto Primo;N° 2425;;;1029;Capital Federal;Buenos Aires;(54) (11) 4941-0422 (9hs. a 14hs);;(54) (11) 4308-3115;camaracoser2@hotmail.com;http://
Cámara Argentina de Distribuidores de Gas Licuado - CADIGAS;;Tucumán;N° 1721;Piso 2°;Dto. A;1050;Capital Federal;Buenos Aires;(54) (11) 4371-8598;(54) (11) 4371-8611;;cadigas@itcom.com.ar;http://
Cámara Argentina de Distribuidores de Hierros y Afines - CADHYA;;Bolívar;N° 382;Piso 8º;;1066;Capital Federal;Buenos Aires;(54) (11) 4342-6048;(54) (11) 154-435-1933 (Gerente. Alicia);(54) (11) 4342-6048;cadhya@speedy.com.ar;http://
Cámara Argentina de Distribuidores y Autoservicios Mayoristas - CADAM;;Linneo;N° 1959;;;1416;Capital Federal;Buenos Aires;(54) (11) 4583-9600;(54) (11) 4583-7900;(54) (11) 4583-9600/7900;cadam@fibertel.com.ar;http://www.cadam.com.ar
Cámara Argentina de Empresarios Culturales;;Soldado de la Independencia;Nº 1258;Piso 2º;"Dpto. ""A""";1426;Capital Federal;Buenos Aires;(54) (11) 4774-8570;;(54) (11) 4774-8570;caec@fibertel.com.ar;http://www.caec.com.ar
Cámara Argentina de Empresas de Industria del Sweater;;Av. Rivadaria;Nº 7932;;;1407;Capital Federal;Buenos Aires;(54) (11) 4613-3393;(54) (11) 155-428-1631 (CEL BERGAGLIO);(54) (11) 4613-3393;info@camaradelsweater.org.ar;http://
Cámara Argentina de Empresas de Seguridad e Investigación - CAESI;;Montevideo;N° 666;Piso 3º;Of. 307;1019;Capital Federal;Buenos Aires;(54) (11) 4374-2278;(54) (11) 4374-0958;(54) (11) 4375-2722 (int. 12);caesi@fibertel.com.ar;http://www.caesi.org.ar
Cámara Argentina de Equipamiento Radiológico - CADER;;Luis Saenz Peña;Nº 250;Piso 4º;Dto. B;1110;Capital Federal;Buenos Aires;(54) (11) 4750-2247 Schmidt;(54) (11) 4383-0983 (Estudio Schmidt );(54) (11) 4750-2247 Schmidt;rayosxolivos@arnet.com.ar;http://
Cámara Argentina de Fantasías, Regalos y Afines - CAFRA;;Avenida General Luis María Campos;N° 1160;Piso 6°;Dto. D;1426;Capital Federal;Buenos Aires;(54) (11) Ofic. 5197-5310//4953-9976;(54) (11) 155-451-2031 (Cel. Wasser);(54) (11) 4382-1800;armando@arwas.com.ar;http://
Cámara Argentina de Farmacias;;Av. Bernardino Rivadavia;Nº 1615;Piso 1°;;1033;Capital Federal;Buenos Aires;(54) (11) 4374-3934;(54) (11) 4374-4220;(54) (11) 4374-3934;secrecd@caf.com.ar;http://www.caf.com.ar
Cámara Argentina de Indumentaria de Bebés y Niños - CAIBYN;;Luis María Drago;Nº 315;;;1414;Capital Federal;Buenos Aires;(54) (11) 4855-6009;(54) (11) 4855-8786;(54) (11) 4855-5560;camara@caibynindumentaria.com.ar;http://www.caibyn.com.ar
Cámara Argentina de Joyerías, Relojerías y Afines;;Talcahuano;N° 178;Piso 3º;;1013;Capital Federal;Buenos Aires;(54) (11) 4383-5815;(54) (11) 4383-1585;(54) (11) 4372-6204;info@camarajoyasyrelojes.com.ar;http://www.camarajoyasyrelojes.com.ar
Cámara Argentina de la Industria de Cosmética y Perfumería - CAPA;;Paraguay;N° 1857;;;1121;Capital Federal;Buenos Aires;(54) (11) 4813-9047;;(54) (11) 4813-9047 Int. 14;capa@capa.org.ar;http://www.capa.org.ar
Cámara Argentina de la Industria del Letrero y Afines - CAIL;;Agrelo;Nº 4049;;;1224;Capital Federal;Buenos Aires;(54) (11) 4981-8223//4981-7402;(54) (11) 4958-3053//0810-666-0634;(54) (11) 4958-3053//4981-7402;secretaria@cail.org.ar;www.cail.org.ar // www.revistaletreros.com
Cámara Argentina de Máquinas de Oficinas Comerciales y Afines - CAMOCA;;Av. Córdoba;N° 950;Piso 6°;Dpto. D;1054;Capital Federal;Buenos Aires;(54) (11) 4327-0830;(54) (11) 4327-1073;(54) (11) 4327-0830;camara@camoca.com.ar;http://www.camoca.com.ar
Cámara Argentina de Papelerías, Librerías y Afines - CAPLA;;Castro  Barros;N° 528;;;1217;Capital Federal;Buenos Aires;(54) (11) 4983-6630;(54) (11) 4983-6694;(54) (11) 4958-0722;info@capla.org.ar;http://www.capla.org.ar
Cámara Argentina de Seguridad Electrónica - CASEL;;Moreno;N° 957;Piso 7º;Dto. 4;1091;Capital Federal;Buenos Aires;(54) (11) 5128-0026/7;(54) (11) 4305-5600( Sr. Colanero);(54) (11) 4342-530;info@casel.org.ar;www.casel.org.ar
Cámara Argentina de Supermercados - CAS;;Viamonte;Nº 342;Piso 3°;;1053;Capital Federal;Buenos Aires;(54) (11) 4510-1799;;(54) (11) 4510-1798;socios@cas.com.ar;http://www.cas.com.ar
Cámara Argentina de Telecomunicaciones y Afines - CATYA;;Av. Paseo Colón;N° 588;Piso 5º;Dto. 14;1063;Capital Federal;Buenos Aires;(54) (11) 4322-0651;(54) (11) ;(54) (11) 4334-6672;info@cadieel.org.ar;http://www.cadieel.org.ar
Cámara Argentina de Video Juegos y Afines - CAVI;;Rivadavia;N°2890;Piso 7º;Dto. 602/3;1203;Capital Federal;Buenos Aires;(54) (11) 4862-1518;;(54) (11) 4861-3414(mierc y viernes a la mañana);cavi33@hotmail.com;http://
Cámara Argentina del Comercio e Industria Dental - CACID;;Pasteur;Nº 765;Piso 3°;;1028;Capital Federal;Buenos Aires;(54) (11) 4953-3867;(54) (11) 4952-9376;(54) (11) 4952-9376 * 9;info@cacid.org;http://www.expodent.com.ar
Cámara Argentina del Papel y Afines - CAPA;;Carlos Calvo;N°1247;;;1102;Capital Federal;Buenos Aires;(54) (11) 4304-2367;;(54) (11) 4306-5671;info@camarapapel.org.ar;http://www.camarapapel.org.ar
Cámara Argentina Fabricantes de Maquinaria Agrícola - CAFMA;;Hipolito Yrigoyen;Nº 1534;Piso 5º;;1088;Capital Federal;Buenos Aires;(54) (11) 4381-4444;;(54) (11) 4381-4444 int. 104;camara@cafma.org.ar;http://www.cafma.org.ar
Cámara Argentina Fraccionadora, Almacenadora, Comercializadora - no productora - de Gas Licuado de Petróleo - CAFRAGAS;;Balcarce;N° 226;Piso 1º;Ofic. 5;1064;Capital Federal;Buenos Aires;(54) (11) 4342-0768;(54) (11) 4342-9762;(54) (11) 4342-0768;cafragas@speedy.com.ar;http://
Cámara de Autoservicios y Supermercados Propiedad de Residentes Chinos - CASRECH;;Av. Belgrano;N° 1688;;;1093;Capital Federal;Buenos Aires;(54) (11) 5218-8666/64;(54) (11) 5218-8656;(54) (11) 5218-8666;info@casrech.com;http://www.casrech.com
Cámara de Comerciantes en Repuestos del Automotor - CCRA;;Bernardo de Irigoyen;N° 546;Piso 7º;;1072;Capital Federal;Buenos Aires;(54) (11) 4334-9154;;(54) (11) 4334-9166;info@ccra.org.ar;http://www.ccra.org.ar
Cámara de Comerciantes Mayoristas e Industriales de la República Argentina - CADMIRA;;Junín;N° 265 - 267;PB;;1026;Capital Federal;Buenos Aires;(54) (11) 5273-4441/2;(54) (11) 4953-4441;(54) (11) 5273-4443;info@cadmira.org.ar;http://www.cadmira.org.ar
Cámara de Comercio, Industria y Producción de la República Argentina - CACIPRA;;Florida;Nº 1-15;Piso 4°;;1005;Capital Federal;Buenos Aires;(54) (11) 4342-8252;(54) (11) 4343-5638 ;(54) (11) 4331-9116;cacipra@fibertel.com.ar;http://www.cacipra.org.ar
Cámara de Comercio, Industria, Profesionales, y Prestadores de Servicio de Villa Pueyrredón;;J.G. de Artigas;Nº 4786;Piso 1°;Of. 6;1419;Capital Federal;Buenos Aires;(54) (11) 4574-1786;;(54) (11) no tienen fax;camaradecomerciovp@argentina.com;http://
Cámara de Empresarios de Joyerías y Afines de la República Argentina - CEJARA;;Bartolomé Mitre;N° 1371;Piso 4º;Dpto. L;1036;Capital Federal;Buenos Aires;(54) (11) 4373-3948;;(54) (11) 4371-0811(int. 102);info@camarajoyeria.com.ar;http://www.camarajoyeria.com.ar
Cámara de Empresarios Madereros y Afines - CEMA;;Juan E. Maza;N° 578;Piso 1º;;1220;Capital Federal;Buenos Aires;(54) (011) 4957-1111;(54) (011) 4957-2046;(54) (011) 4931-6940;info@cema.com.ar;http://www.cema.com.ar
Cámara de Empresas de Monitoreo de Alarmas - CEMARA;;Sarmiento;Nº 1334;Piso 2º;;1041;Capital Federal;Buenos Aires;(54) (11) 4372-9754;(54) (11) ;;info@cemara.org.ar;http://www.cemara.org.ar
Cámara de Empresas de Software y Servicios Informáticos de la República Argentina - CESSI;;Paraguay;Nº 541;Piso 6º y 7º;;1057;Capital Federal;Buenos Aires;(54) (11) 5217-7802 int 105;(54) (11) 5217-7805;(54) (11) 5258-2822 ;info@cessi.org.ar;http://www.cessi.org.ar
Cámara de Empresas de Turismo Rural de Argentina - CETRA;;Carlos Pellegrini;N°465;Piso 10º°;Of.75;1009;Capital Federal;Buenos Aires;(54) (11) 4328-5547;;(54) (11) 4328-5547;consultas@cetrargentina.org.ar;http://www.cetrargentina.org.ar
Cámara de Fabricantes de Inyectables de Gran Volumen  - CIGVA;;Lavalle;Nº 557;Piso 6°;;1047;Capital Federal;Buenos Aires;(54) (11) 4632-0703;;(54) (11) 4633-5871;vrs@rivero.com.ar;http://
Cámara de Fabricantes de Muebles, Tapicerías y Afines de Argentina - CAFYDMA;;Carlos Calvo;Nº 2861;PB;"Dpto. ""A""";1230;Capital Federal;Buenos Aires;(54) (11) 4308-1515;;(54) (11) 4308-1336;info@cafydma.org;http://www.cafydma.org
Cámara de Ferreterías y Afines de la República Argentina - CAFARA;;Lavalle;Nº 1646;Piso 3°;"Dto. ""A""";1048;Capital Federal;Buenos Aires;(54) (11) 4372-8876;(54) (11) 4372-6309;(54) (11) 4372-8876;info@cafara.org.ar;http://www.cafara.org.ar
Cámara de Hoteles y Afines de Capital Federal;;Combate de los Pozos;Nº 256;Piso P.B.;;1080;Capital Federal;Buenos Aires;(54) (11) 4373-0508;;(54) (11) 4373-0508;camaradehoteles@fibertel.com.ar;http://
Cámara de Importadores de la República Argentina - CIRA;;Belgrano;Nº 427;Piso 7º;;1092;Capital Federal;Buenos Aires;(54) (11) 4342-0523;(54) (11) 4342-1101;(54) (11) 5258-1663;cira@cira.org.ar;http://www.cira.org.ar
Cámara de Informática y Comunicaciones de la República Argentina - CICOMRA;;Avenida Córdoba;N° 744;Piso 2º;"Dto. ""D""";1054;Capital Federal;Buenos Aires;(54) (11) 4325-8839;;(54) (11) 4325-9604;cicomra@cicomra.org.ar;http://www.cicomra.org.ar
Cámara de la Industria de Artículos de Librería - CIAL;;Hipólito Yrigoyen;Nº 1994;Piso 3°;"Of. ""3""";1089;Capital Federal;Buenos Aires;(54) (11) 4952-1002;;(54) (11) 4952-1002 Int. 107;camara@cial.org.ar;www.expopapeleria.com.ar
Cámara de la Industria Fotográfica Argentina - CIFA;;Lavalle;Nº 1718;Piso 10º;"Dpto. ""C""";1048;Capital Federal;Buenos Aires;(54) (11) 4373-5445;(54) (11) 4373-2432;(54) (11) 4373-5444;cifa@fibertel.com.ar;http://www.cifa.org.ar
Cámara de la Piedra de la Provincia de Buenos Aires;;Sarmiento;Nº 347;Piso 2°;Of 11;1041;Capital Federal;Buenos Aires;(54) (011) 4325-5843;(54) (011) ;(54) (011) 4325-5843;info@camaradelapiedra.org.ar;http://
Cámara de Mujeres Pymes;;Bolívar;Nº 1236;Piso 3º;Of. A;1141;Capital Federal;Buenos Aires;(54) (011) 4361-3478;(54) (011) 4342-7027;;camaramujerespymes@ciudad.com.ar;http://
Cámara de Perfumerías de Argentina;;Corrientes;Nº 5211;;;1414;Capital Federal;Buenos Aires;(54) (11) 5236-1100 opc. 1 int. 115;;(54) (11) 5236-1100 opc.  1 Int. 115;merco@pozzi.com.ar;http://
Cámara de Prestadores Postales de la República Argentina;;Rodríguez Peña;Nº 145;Piso 6º;Oficina D;1020;Capital Federal;Buenos Aires;(54) (11) 4372-7351;;(54) (11) 4372-7351;alpingeon@hotmail.com;http://
Cámara del Confort y del Comercio en Artefactos para el Hogar;;Florida;N° 15;Piso 6;;1005;Capital Federal;Buenos Aires;(54) (11) 4334-1985;(54) (11) 4342-3259;(54) (11) 4342-3259;elvikingo73@hotmail.com;http://
Cámara del Mármol, Piedra y Granito de la República Argentina;;Santiago del Estero;Nº 366;Piso 8º;Ofic. 82;1075;Capital Federal;Buenos Aires;(54) (11) 4383-1356 (de 13-18hs);;(54) (11) 4931-2830;camarmol@camarmol.com.ar;http://www.camarmol.com.ar
Cámara Empresaria de Turismo por Autotransporte;;Avenida Constituyentes;Nº 3594;Piso 1º;;1431;Capital Federal;Buenos Aires;(54) (11) 4572-6171;;(54) (11) 45726171;laisecarlos@yahoo.com.ar;http://
Cámara Fabricantes de Bolsas;;Dean Funes;Nº 2063;Piso P.B.;;1244;Capital Federal;Buenos Aires;(54) (11) 4943-3611;(54) (11) 4943-3847;(54) (11) 4943-3848;crivelli@molesweb.com;http://www.anicetomoles.com.ar
Cámara Inmobiliaria Argentina - CIA;;Bartolomé Mitre;Nº 784;Piso 5º;;1036;Capital Federal;Buenos Aires;(54) (11) 5031-3333;;(54) (11) 5031-3333 int.19;secretaria@cia.org.ar;http://www.cia.org.ar
Centro de Comerciantes de Belgrano;;Arcos;Nº 2191;;;1426;Capital Federal;Buenos Aires;(54) (11) 4786-1500;;(54) (11) 4786-1500;distefano@ciudad.com.ar;http://
Consejo Consultivo de Concesionarios Ford;;Lima;Nº 265;Piso 2º;Dpto. 6;1073;Capital Federal;Buenos Aires;(54) (11) 4383-4450;;;conseford@acara.org.ar;http://
Dompra S.R.L.;;Pte. Luis Saenz Peña;Nº 1678;;;1076;Capital Federal;Buenos Aires;(54) (11) 4304-9371;(54) (11) 4383-0891;(54) (11) 4304-9371;gerencia@dompra.com.ar;http://www.dompra.com.ar
Liga de Almaceneros Autoservicios de Capital Federal;;Moreno;Nº 1768;;;1093;Capital Federal;Buenos Aires;(54) (11) 4372-5202;;;ligadealmaceneros@yahoo.com.ar;http://
Primer Centro de Comerciantes, Vecinos, Instituciones y Profesionales de Liniers;;Avenida Rivadavia;Nº 11.564;;;1408;Capital Federal;Buenos Aires;(54) (11) 4644-3700;;(54) (11) 4641-0013/4644-3700;cecovip@yahoo.com;www.geocities.com/cecovip
Unión Kiosqueros de la República Argentina;;Scalabrini Ortíz;Nº 832;Piso 1°;;1414;Capital Federal;Buenos Aires;(54) (11) 4777-7001;(54) (11) (M/J de 15/18hs);(54) (11) 4777-7171(Fax);ukra@ciudad.com.ar;http://
Asociación Amigos del Paseo Rivadavia y Adyacencias;;Rivadavia;Nº 232;Entre Piso;;1878;Quilmes;Buenos Aires;(54) (11) 4257-0954;;(54) (11) 4253-5119;;http://
Asociación Comercial e Industrial de Morón - ACIM;;Avenida Rivadavia;Nº 18236;Piso PB;;1708;Morón;Buenos Aires;(54) (11) 4629-9649;(54) (11) 4697-1199;(54) (11) 4627-5959;acim@acim.org.ar;http://www.acim.org.ar
Asociación Comerciantes Afines a la Construcción del Gran Buenos Aires - ACALCA;;Maipú ;Nº 228;;;1870;Avellaneda;Buenos Aires;(54) (11) 4207-2853;;(54) (11) 4207-2853;acalcarevista@yahoo.com.ar;http://
Asociación Comerciantes, Industriales y Productores de Luján - ACIP ;;Bartolomé Mitre;Nº 350;;;6700;Luján;Buenos Aires;(54) (02323) 421-265;;(54) (02323) 435-005;acip@telered.com.ar;http://
Asociación de Comerciantes, Empresarios y Profesionales de Exaltación de La Cruz;;Migliaro;N° 1051;;;2812;Capilla del Señor;Buenos Aires;(54) (02323) 491-668 (particular);;(54) (02323) 011- 4240-8241 (Laboratorio del Esposo Sra. Britos);aliciabbabich@yahoo.com.ar;http://
Asociación de Comerciantes, Industriales y Profesional de Hurlingham - ACIPH;;Pedro de Mendoza;N° 1284;;;1686;Hurlingham;Buenos Aires;(54) (11) 4452-5724;;(54) (11) 4665-0727;info@aciph.com.ar;http://www.aciph.com.ar
Asociación de Comercio e Industria de Monte Hermoso - ACIMH;;Nelly Fossatti y Dorrego;Nº 113;;;8153;Monte hermoso;Buenos Aires;(54) (02921) 483-026;;;camaramh@gmail.com;http://www.acimh.com.ar
Asociación de Industriales de la Provincia de Buenos Aires - ADIBA ;;Calle 56;Nº 338;;;1900;La Plata;Buenos Aires;(54) (03461) (sin prefijo) 4331-2355;(54) (03461) 423-8376;;info@adiba.org.ar;http://
Cámara Argentina de Importadores y Exportadores de Flores, Plantas y Afines - C.A.I.E.F.P y A.;;Almirante Brown;N° 929;Piso 7º;Dpto. D;1708;Morón;Buenos Aires;(54) (11) 156-890-6472 (Pte. Horacio Fernádez);(54) (11) 4627-6167 (Estudio);(54) (11) 4489-4656;camaraflores@yahoo.com.ar;http://
Cámara Argentina de Mercados Frutihortícolas;;Avenida Andrés Rolón;N° 2560;;;1643;San Isidro;Buenos Aires;(54) (11) 4723-1422;(54) (11) 9 -11 Hs.;(54) (11) 4723-1422 int274;camf@sinectis.com.ar;http://www.mercadobeccar.com.ar
Cámara Argentina de Tintorerías y Ayuda Mutual - CATYAM;;Avenida Rivadavia;Nº 12320;;;1702;Ciudadela;Buenos Aires;(54) (11) 4653-9862;;(54) (11) 4653-9862;camaracatyam@yahoo.com;http://
Cámara Argentina Distribuidores de Alfombras, Revestimiento y Afines - CADARA;;Rawson;N° 2599;Piso 1º;Dpto. A;1636;Olivos;Buenos Aires;(54) (11) 4951-6277 CIAL (Preguntar por Arturo Herrera);;(54) (11) 4951-6277 INT 107;mherrera@fibertel.com.ar;http://www.cial.com.ar
Cámara Comercial del Calzado;;Avenida Libertador;Nº 634;;;1722;Merlo;Buenos Aires;(54) (0220) 482-2327;;(54) (0220) 482-2327;osvaldo_libo@ciudad.com.ar;http://
Cámara Comercial e Industrial de Bolívar;;Las Heras;N° 45;Piso P.B.;;6550;Bolívar;Buenos Aires;(54) (02314) 427-327;(54) (02314) 428-900;(54) (02314) 427-603;camarabolivar@speedy.com.ar;http://
Cámara Comercial e Industrial de Tigre - CACIT ;;Montes de Oca - esquina Avenida Cazón e Italia;Nº 442;;;1648;Tigre;Buenos Aires;(54) (11) 4731-4860;;(54) (11) 4731-8460;info@cacit.com.ar;http://www.cacit.com.ar
Cámara Comercial, Industrial y Bienes Raíces de Florencio Varela;;Mitre;Nº 249;;;1888;Florencio Varela;Buenos Aires;(54) (11) 4287-6318;;(54) (11) 4255-0087;camaracomerciovarela@ciudad.com.ar;http://
Cámara Comercial, Industrial y de Servicios de Rauch;;San Martín;Nº 185;;;7203;Rauch;Buenos Aires;(54) (02297) 442-610;;(54) (02297) 440-402;camcomrauch@ciudad.com.ar;http://
Cámara Comercial, Industrial y Profesional de Tortuguitas - CCT;;Juan F. Segui;Nº 3989;;;1667;Tortuguitas;Buenos Aires;(54) (02320) 494-056;;(54) (02320) 494-056;romnatnav_2006@hotmail.com;http://www.informaweb.com.ar
Cámara de Comerciantes, Industriales, Profesionales y de Servicios de Virrey del Pino;;Gorostiaga;Nº 5845;Local 2;;1763;Virrey del Pino;Buenos Aires;(54) (02202) 441-711;;(54) (02202) 441-711;info@virrey-del-pino.com.ar;http://
Cámara de Comerciantes, Profesionales e Industriales de Los Polvorines;;25 de Mayo;Nº 2607;;;1613;Los Polvorines;Buenos Aires;(54) (11) 4663-8814;;;camaradecomerciodelospolvorines@yahoo.com.ar;http://
Cámara de Comercio de Beccar;;Avenida Centenario;Nº 1891;;;1643;Beccar;Buenos Aires;(54) (11) 4732-2030;;(54) (11) 4732-2030;camarabeccar@fibertel.com.ar;http://
Cámara de Comercio e Industria de Arrecifes - CCIA;;Lamadrid;Nº 154 - 58;;;2740;Arrecifes;Buenos Aires;(54) (02478) 451-285;(54) (02478) 451-285;(54) (02478) 451-057;cciarrecifes@speedy.com.ar;http:/
Cámara de Comercio e Industria de Balcarce;;Calles 20 y 19;Sin Nro.;;;7620;Balcarce;Buenos Aires;(54) (02266) 422-993;(54) (02266) 155-31565 (Pte. Cam);(54) (02266) 425-899;stoppaniriegos@infovia.com.ar;http://www.camarabalcarce.com.ar
Cámara de Comercio e Industria de Berisso - CCIB ;;Calle 7;N° 4477;;;1923;Berisso;Buenos Aires;(54) (0221) 461-3259;;(54) (0221) 461-7136;cciberisso@hotmail.com;http://www.ccibsso.com.ar
Cámara de Comercio e Industria de Burzaco;;Julio. A. Roca;Nº 843;;;1852;Burzaco;Buenos Aires;(54) (11) 4299-3300;(54) (11) 4238-4603;(54) (11) 4299-3300;camaradeburzaco@hotmail.com;http://
Cámara de Comercio e Industria de Carmen de Areco - CDCEICDA ;;Belgrano;Nº 743;;;6725;Carmen de Areco;Buenos Aires;(54) (02273) 442-775;;(54) (02273) 442-775;cdceicda@yahoo.com.ar;no tiene
Cámara de Comercio e Industria de Chacabuco;;Avenida Saavedra (esquina);Nº 51;;;6740;Chacabuco;Buenos Aires;(54) (02352) 431- 411;(54) (02352) (02362)156-76121(Sr. Gardella);(54) (02352) 431-675;camchac@cech.com.ar;http:// www.camarachacabuco.com.ar
Cámara de Comercio e Industria de Coronel Suárez;;Rivadavia;Nº 43;;;7540;Coronel Suarez;Buenos Aires;(54) (02926) 422-177;;(54) (02926) 431-940;camaradecomercio@velonetsuarez.com.ar;http://
Cámara de Comercio e Industria de Dolores;;J. B. Alberdi;Nº 375;;;7100;Dolores;Buenos Aires;(54) (02245) 447-178;;(54) (02245) 44-2440;cicodo@speedy.com.ar;http://
Cámara de Comercio e Industria de La Plata - CCILP ;;Avenida 53;Nº 720;;;1900;La Plata;Buenos Aires;(54) (0221) 483-8206;(54) (0221) 425-2172/482-7981;(54) (0221) 425-7828;gerencia@ccilp.org.ar;http://
Cámara de Comercio e Industria de Laprida;;Avenida Pedro Pereyra;N° 1361;;Loc 3;7414;Laprida;Buenos Aires;(54) (02285) 420-670;;;camaralaprida@hotmail.com;http://
Cámara de Comercio e Industria de Merlo - CACIM ;;Juncal;Nº 724;;;1722;Merlo;Buenos Aires;(54) (0220) 483-2050;;(54) (0220) 483-2050;cacim@infovia.com.ar;http://
Cámara de Comercio e Industria de Pergamino - CCIPER ;;Florida;Nº 821;;;2700;Pergamino;Buenos Aires;(54) (02477) 430-079;(54) (02477) 430-080;(54) (02477) 430-078;gerencia@camarapergamino.org.ar;http://www.camarapergamino.org.ar
Cámara de Comercio e Industria de San Cayetano;;San Martín y Belgrano;;;;7521;San Cayetano;Buenos Aires;(54) (02983) 471-506;;;;http://
Cámara de Comercio e Industria de Trenque Lauquen;;Avenida Villegas;Nº 150;;;6400;Trenque Lauquen;Buenos Aires;(54) (02392) 412-000;;;camcomtlauq@cetl.com.ar;http://www.tlauquen.com.ar
Cámara de Comercio e Industria del Partido de San Isidro - CCIPSI ;;Belgrano;Nº 262;Piso 2°;Oficina 201;1643;San Isidro;Buenos Aires;(54) (11) 4743-7687;(54) (11) 9/17hs;(54) (11) 4743-7687;info@camarasanisidro.org.ar;www.camarasanisidro.org.ar
Cámara de Comercio e Industria del Partido de San Miguel - CCISM ;;Sarmiento;Nº 1663;Piso 1º;;1663;San Miguel;Buenos Aires;(54) (11) 4664-1518 ;(54) (11) 4667-3405;(54) (11) 4664-1518;info@ccism.com.ar;http://www.ccism.com.ar
Cámara de Comercio e Industria y Producción de Brandsen;;Mitre;N° 319;;;1980;Brandsen;Buenos Aires;(54) (02223) 442-263;;(54) (02223) 442-263;camara@scdplanet.com.ar;http://
Cámara de Comercio Exterior Bonaerense;;Calle 48;Nº 515;;;1900;La Plata;Buenos Aires;(54) (0221) 489-0203 (presidente);;;comintal@fibertel.com.ar;http://
Cámara de Comercio Industria y Producción;;Almafuerte;Nº 171;;;6409;Tres Lomas;Buenos Aires;(54) (02394) 420-191;;;cc3lomas@ssdnet.com.ar;http://
Cámara de Comercio, Agropecuaria, Industrial, Profesional y Servicios de Mariano Acosta - CAIPSMA ;;Avenida Constituyentes y Cobo;N° 610;;;1723;Mariano Acosta;Buenos Aires;(54) (0220) 499-6074;;;jm_gon_zabala@hotmail.com;http://
Cámara de Comercio, Industria y Producción de 25 de Mayo - CCIP;;Calle 27  - Entre 10 y 11 -;Nº 929;;;6660;25 de Mayo;Buenos Aires;(54) (02345) 465-490;(54) (02345) 462-503;(54) (02345) 465-490;ccip@soon.com.ar;http://
Cámara de Comercio, Industria y Producción de Ayacucho - CCIPA ;;España;Nº 1126;;;7150;Ayacucho;Buenos Aires;(54) (02296) 453-112;;(54) (02296) 453-112;julio_paz@ciudad.com.ar;http://
Cámara de Comercio, Industria y Producción de Pehuajó - CCIPP ;;Hipólito Yrigoyen;Nº 635;;;6450;Pehuajó;Buenos Aires;(54) (02396) 472-171 ;(54) (02396) 470-520 (Gte.);(54) (02396) 474-777;gerenciapehuajo@speedy.com.ar;http://www.camaradepehuajo.com.ar
Cámara de Comercio, Industria y Producción de Saladillo - CCIP ;;Avenida San Martín;Nº 3251;;;7260;Saladillo;Buenos Aires;(54) (02344) 434-406 (mutual);(54) (02344) 15-439-708 (Gte.);(54) (02344) 434-406;camarasaladillo@coopsal.com.ar;http://
Cámara de Comercio, Industria y Servicio de Escobar;;César Díaz;Nº 745;Piso 1ª;;1625;Escobar;Buenos Aires;(54) (03488) 420-810 (cámara);(54) (03488) 432-776 (of. vecina);;cede@cotelnet.com.ar;http://
Cámara de Comercio, Industria y Servicios de Valentín Alsina;;Jean Jaures;Nº 2200;;;1822;Valentin Alsina;Buenos Aires;(54) (11) 4209-6573;;;camaracv@yahoo.com.ar;http://
Cámara de Comercio, Industria, Bienes Raíces, Productores y Profesionales de Luis Guillón;;Camino de Cintura ó Santa. Catalina - entre Moreno y Belgrano;Nº 755;;;1838;Luis Guillón;Buenos Aires;(54) (11) 4290-6996;(54) (11) 155-228-3786(Lukaszewicz);(54) (11) 4290-3350;metalurgicaguillon@speedy.com.ar;http://
Cámara de Comercio, Industria, Producción y Bienes Raíces de 9 de Julio;;San Martín;Nº 1223;;;6500;9 de Julio;Buenos Aires;(54) (02317) 431-560;(54) (02317) 431-558;(54) (02317) 432-720;camaradecomercio@internueve.com.ar;http://
Cámara de Comercio, Industria, Producción y Servicios de Chascomús;;Alvear;N° 101;;;7130;Chascomús;Buenos Aires;(54) (2241) 431-324;;(54) (2241) 431-324;camaradecomerciochascomus@speedy.com.ar;http://
Cámara de Comercio, Industria, Producción y Servicios General Belgrano;;Avenida España;Nº 655;;;7223;General Belgrano;Buenos Aires;(54) (02243) 453-119;(54) (02243) 02241-15-509-494 (Cel. Pte);(54) (02243) 452-980;camaracomind@s16.coopenet.com.ar;http://
Cámara de Comercio, Industria, Profesional y Bienes Raíces de José María Ezeiza;;E. Echeverria;N° 169;;;1804;José María Ezeiza;Buenos Aires;(54) (11) 4232-3661;;(54) (11) 4232-3661;camaraezeiza@yahoo.com.ar;http://
Cámara de Comercio, Industria, Profesionales y Bienes Raíces de la Ciudad de Grand Bourg;;El Plumerillo;Nº 1541;;;1615;Grand Bourg;Buenos Aires;(54) (02320) 481-400;(54) (02320) 412-771;(54) (02320) 481-400;camaragb@gmail.com;http://
Cámara de Comercio, Industria, Servicios y Turismo de Pigüe;;Belgrano;N° 401- 5;;;8170;Pigüe;Buenos Aires;(54) (02923) 402-203;(54) (02923) 406-747;;ccipigue@s8.coopenet.com.ar;
Cámara de Comercio, Producción y Servicios de Juan José Paso;;Belgrano;Nº 178;;;6474;Juan Jose Paso;Buenos Aires;(54) (02396) 498-356;(54) (02396) 498-355;(54) (02396) 498-354;curso_ccia@hotmail.com;http://
Cámara de Industria y Comercio de Matanza - CICM ;;Entre Ríos;Nº 3026;;;1754;San Justo;Buenos Aires;(54) (11) 4651-1830;;(54) (11) 4484 - 5401;info@cicm.com.ar;http://www.cicm.com.ar
Cámara de Laboratorios Argentinos Medicinales Veterinarios - CLAMEVET;;Maipú;Nº 1536;Piso 1º;;1638;Vicente López;Buenos Aires;(54) (11) 4139-5555 INT.105//4796-4397;(54) (11) 154-579-2818 (Cel Sr. Rush Gte.);(54) (11) 4139-5555  Int.103;info@clamevet.com.ar;http://www.clamevet.com.ar
Cámara de Microempresarios de Lanús - CAMILANUS;;Ministro Brin;Nº 3752;;;1826;Remedios de Escalada - Lanús;Buenos Aires;(54) (11) 4249-7991;;(54) (11) 4249-8765;info@camilanus.com.ar;http://www.camilanus.com.ar
Cámara de Operadores Mayorista Frutihortícola del Mercado Central - COMAFRU;;Autopista Ricchieri y Boulogne Sur Mer - Mercado Central de Buenos Aires;Sin Nro.;Piso  1º;Ofic. 118;1770;Villa Celina;Buenos Aires;(54) (11) 4442-8831;(54) (11) ;(54) (11) 4442-8831;comafru@yahoo.com.ar;http://
Cámara de Producción, Industria, Comercio y Servicios de Henderson;;Avenida San Martín ;Nº 505;;;6465;Henderson;Buenos Aires;(54) (02314) 15-625-313 (Pte.);(54) (02314) 15-616-680 (Secretario);(54) (02314) 452-000 (Neg. Secr.);ehuala@hcenet.com.ar;http://
Cámara de San Fernando de Industria, Comercio y Servicios - CASAFICO;;Quirno Costa;Nº 1333;Planta Alta;;1646;San Fernando;Buenos Aires;(54) (11) 4890-1146;;(54) (11) no tienen fax;casafico@casafico.org;http://www.casafico.org
Cámara de Sujetos del Sistema de GNC - CASS GNC;;Avenida Hipólito Irigoyen;Nº 12286;;;1846;Adrogue;Buenos Aires;(54) (11) 4294-2377;;(54) (11) 4294-2377;cassgnc@yahoo.com.ar;http://
Cámara de Tintoreros de la Provincia de Buenos Aires;;Alsina;Nº 1573;;;1832;Lomas de Zamora;Buenos Aires;(54) (11) 4292-8054;;;;http://
Cámara del Comercio y la Industria del Partido de Almirante Brown - CACINAB ;;Esteban Adrogué;Nº 1177;;;1846;Almirante Brown;Buenos Aires;(54) (011) 4294-4056;(54) (011) 4214-6647;;cacinab@speedy.com.ar;www.cacinab.org.ar
Cámara del Comercio, la Industria, Bienes Raíces y Producción Rural de Esteban Echeverría;;Paris Robertson;N° 140;;;1842;Monte Grande;Buenos Aires;(54) (11) 4290-4699;(54) (11) 4281-7738;(54) (11) 4296-8182 (IDEB) Ing.Cardozo;camara_ee@yahoo.com.ar;http://
Cámara Económica de Tres Arroyos - CETA ;;Avenida Moreno;Nº 467;;;7500;Tres Arroyos;Buenos Aires;(54) (02983) 430-755;(54) (02983) 431-019;(54) (02983) 431-019//430-755;camaratsas@eternet.cc;http://www.camaraeconomicatsas.com.ar
Cámara Económica Mercedina - CEM ;;Calle 20 - esquina 21;Nº 507;Piso 1º;;6600;Mercedes;Buenos Aires;(54) (02324) 420-502;;(54) (02324) 430-765;info@camaraeconomica.com.ar;http://www.camaramercedina.com.ar
Cámara El Talar, Industria, Comercio, Profesionales y Servicios - CET;;Avenida Hipólito Yrigoyen;Nº 1717;;;1618;El Talar;Buenos Aires;(54) (11) 4726-8686 (Regondi);(54) (11) 5233-3344 // 4736-7889;(54) (11) 4726-8686;camaraeltalar@yahoo.com.ar;http://
Cámara Empresaria de Benito Juárez;;Avenida Libertad;N° 221;;;7020;Benito Juárez;Buenos Aires;(54) (02292) 451-497;(54) (02292) 453-113 (Pte.);(54) (02292) 451-497;camaraempresariajuarez@juarez-online.com.ar;http://
Cámara Empresaria de Olavarría;;España;Nº 2882;;;7400;Olavarría;Buenos Aires;(54) (02284) 420-756(8a17hs);(54) (02284) 445-988 (Gte Oscar);(54) (02284) 441-044//411044;camempresaria@coopenet.com.ar;http://
Cámara Empresaria de Tandil - CET ;;Mitre;Nº 856;;;7000;Tandil;Buenos Aires;(54) (02293) 447-891/92/93;;(54) (02293) 447-890;secretario@camaraempresaria.org.ar;http://www.camaraempresaria.org.ar
Cámara Empresaria de Vicente López - CEVL ;;Avenida Maipú;Nº 1536;Piso 1º ;;1602;Florida - Vicente López;Buenos Aires;(54) (11) 4139-5555;(54) (11) 4139-5555 int Vice Pres;(54) (11) 4139-5555 int 103;info@cvl.org.ar;http://www.cvl.org.ar
Cámara Regional de Comercio e Industria de Lomas de Zamora;;Acevedo;Nº 48;;;1832;Lomas de Zamora;Buenos Aires;(54) (11) 4245-2101;(54) (11) 4245-2102/04;;camaralz@speedy.com.ar;http://www.camaralz.org.ar
Cámara Regional de Comercio e Industria de San Francisco Solano;;Calle 842;Nº 2517 - 19;;;1881;San Francisco Solano;Buenos Aires;(54) (11) 4212-4921;;(54) (11) 4212-2518;info@lacamarasolano.org;http://
Cámara Unión del Comercio e Industria de Campana - CUCEI;;Rocca;N° 171;;;2804;Campana;Buenos Aires;(54) (03489) 422-143;(54) (03489) 424-161;;cucei@cucei.com.ar;http://www.cucei.com.ar
Cámara Usuarios Zona Franca La Plata;;Don Bosco e  Hipólito Irigoyen;Sin Nro.;;;1925;Ensenada;Buenos Aires;;;;;http://
Centro Comercial de Munro;;Belgrano;Nº 2425;;;1605;Munro;Buenos Aires;(54) (11) 4756-3535(Es un locutorio);(54) (11) 4762-2120;;parquetsmarc@uol.com.ar;http://
Centro Comercial de Plátanos - Hudson;;Avenida 55;Nº 4711;;;1885;Hudson;Buenos Aires;(54) (02229) (sin prefijo) 4215-0664 Benitez;;;cocheriagosdem@gmail.com;http://
Centro Comercial de Villa Madero;;Cuzco;N° 1200;;;1768;Villa Madero;Buenos Aires;(54) (11) 4652-4829;;(54) (11) no tienen fax;centrocomercial@lomasdelmirador.org;http://
Centro Comercial e Industrial de Avellaneda;;Avenida Mitre;Nº 429;1°;;1870;Avellaneda;Buenos Aires;(54) (11) 4201-7613;;(54) (11) 4201-7613;cciavellaneda@speedy.com.ar;www.ccavellaneda.com.ar
Centro Comercial e Industrial de Berazategui - CCIB ;;Avenida Presidente Perón (14);Nº 5124;;;1884;Berazategui;Buenos Aires;(54) (11) 4256-1923;(54) (11) ;(54) (11) 4216-1179;centrocom@speedy.com.ar;http://
Centro Comercial e Industrial de Castelar;;Montes de Oca;Nº 2355;;;1712;Castelar;Buenos Aires;(54) (11) 4628-6691;;(54) (11) 4489-1991;prensacamaracastelar@yahoo.com.ar;http://
Centro Comercial e Industrial de Chivilcoy;;Avenida Soarez;Nº 33;;;6620;Chivilcoy;Buenos Aires;(54) (02346) 433-557;;(54) (02346) 423-700;cecoinchivilcoy@yahoo.com.ar;http://
Centro Comercial e Industrial de Huanguelén;;Calle 9;N° 559;;;7545;Huanguelen Sur;Buenos Aires;(54) (02933) 432-324;;(54) (02933) 432-324;ctro-comh@s17coopenet.com.ar;http://
Centro Comercial e Industrial de Lanús;;9 de Julio;Nº 1535;PB;;1824;Lanús;Buenos Aires;(54) (11) 4241-0033;(54) (11) 4225-1541;(54) (11) 4241-0033;ccilanus@live.com.ar;http://www.centrodelanus.org.ar
Centro Comercial e Industrial de Longchamps;;Avenida Aviación;Nº 785;;;1854;Longchamps;Buenos Aires;;;;;http://
Centro Comercial Luján - CCL ;;Francia;Nº 1066;;;6700;Luján;Buenos Aires;(54) (02323) 433-442;;(54) (02323) 433-442;cclujan@speedy.com.ar;http://
Centro Comercial, Industrial y de Propietarios de Bienes Raíces de Rafael Calzada;;Colón;Nº 3375;;;1847;Rafael calzada;Buenos Aires;;;;;http://
Centro de Comercial e Industrial E.J.S. Crovara;;Avenida Crovara;Nº  844;;;1768;La Matanza - C. Madero ;Buenos Aires;(54) (11) 4652-3769;;(54) (11) 4652-0651;ccicrovara@hotmail.com;http://
Centro de Comerciantes, Industriales y Propietarios de Remedios de Escalada;;Juan de Garay;Nº 77;;;1826;Remedios de Escalada;Buenos Aires;(54) (11) 4242-3248;;(54) (11) 4242-3248;ccipescalada@yahoo.com.ar;http://
Centro de Comerciantes, Industriales y Propietarios de Wilde;;Las Flores;Nº 24;;;1875;Wilde;Buenos Aires;(54) (11) 4207-0101;;(54) (11) 4207-0101;info@ccwilde.org.ar;http://www.ccwilde.org.ar
Centro de Comercio e Industria de Baradero;;General San Martín;N° 1232;;;2942;Baradero;Buenos Aires;(54) (03329) 482007;;(54) (03329) 480113;ccibaradero@redsp.com.ar;http://
Centro de Comercio e Industria de Carlos Tejedor;;Alberto Almirón;N°428;;;6455;Carlos Tejedor;Buenos Aires;(54) (02357) 420-568;;;cdecomercio@ctejedor.com.ar;http://
Centro de Comercio e Industria de San Pedro;;Mitre;Nº 650;;;2930;San Pedro;Buenos Aires;(54) (3329) 425-266;;(54) (3329) 424-151;centrodecomerciosp@arnet.com.ar;http://www.ccisanpedro.com.ar
Centro de Comercio e Industria y Producción de Villa Ramallo;;Avenida San Martin;Nº 179;;;2914;Villa Ramallo;Buenos Aires;(54) (03407) 488-520;;(54) (03407) 488-520;centrodecomercio@arnetbiz.com.ar;http://
Centro de Comercio Industria, Producción y Propiedad de San Andrés de Giles;;Moreno;Nº 459;;;6720;San Andrés de Giles;Buenos Aires;(54) (11) 440-168;;(54) (11) 440-168;ctrogiles@arecoonline.com.ar;http:// no tienen
Centro de Comercio, Propiedad e Industria de Tres Algarrobos - CCPITA;;25 de Mayo;Nº 221;;;6231;Tres Algarrobos;Buenos Aires;(54) (03388) 492-147;;(54) (03388) 492-364 (Fax Dominguez);ccpita@servicoopsa.com.ar;http://
Centro de Estudios para la Planificación y el Desarrollo;;Santiago del Estero;N° 6366;;;1605;Carapachay;Buenos Aires;(54) (11) 4796-3657;;(54) (11) 4796-3657;info@plande.org.ar;http://www.plande.org.ar
Centro Empresario de Azul - CEDA;;España;Nº 620;;;7300;Azul;Buenos Aires;(54) (02281) 424-028;(54) (02281) 424-058;(54) (02281) 424-058;cedazul@speedy.com.ar;http://
Centro PYME Bernal - Don Bosco;;Madame Curie;Nº 705;;;1876;Bernal;Buenos Aires;(54) (11) 4252-0913(part. sr. Moisio);(54) (11) 4252-0786 ( casa del secretario);(54) (11) 4250-8599;cpyme@sinectis.com.ar;http://
Centro Unión Comercial e Industrial de Bragado - CUCI;;Brown;Nº 139;;;6640;Bragado;Buenos Aires;(54) (02342) 422-373;(54) (02342) 430-558;(54) (02342) 422-373/430-558;cucibragado@speedy.com.ar;http://www.cucibragado.blogspot.com
Centro Unión Comercio e Industrias de Lincoln - C.U.C.L;;Av. Massey;N° 808;;;6070;Lincoln;Buenos Aires;(54) (02355) 422-288;(54) (02355) 423-259;;cuci@lincoln.net.ar;
Consejo para la Producción y el Desarrollo de Coronel Suárez;;Mitre;N° 905;;;7540;Coronel Suárez;Buenos Aires;(54) (02926) 432-533;;(54) (02926) 432-533;coprodesu@speedy.com.ar;http://www.coprodesu.com.ar
Corporación del Comercio, Industria y Servicios de Bahía Blanca - CCIS;;Alsina;Nº 19;Piso 2º;;8000;Bahía Blanca;Buenos Aires;(54) (0291) 452-2112;;(54) (0291) 452-2112;secretariacorporacion@bvconline.com.ar;http://www.ccis.com.ar
Corporación Empresaria de Buenos Aires;;Cuzco;Nº 1200;;;1768;Loma del Mirador;Buenos Aires;(54) (11) 4652-9273;;;info@universoempresarial.com.ar;http://
Liga de Comercio e Industria de Las Flores;;San Martín;Nº 393;;;7200;Las Flores;Buenos Aires;(54) (02244) 452-398;;(54) (02244) 452-398;laliga@s2.coopenet.com.ar;http://
Liga del Comercio y la Industria de San Martín - LCISM;;Calle 81 (ex Sarmiento);Nº 2051;;;1650;San Martín;Buenos Aires;(54) (11) 4755-0354;;(54) (11) 4713-6923;gerencia@ligadecomercio.com.ar;http:// www.ligadecomercio.com.ar
Sociedad Amigos de la Calle Paraná de Villa Adelina;;Paraná;Nº 6661 - 6663;;;1607;Villa Adelina;Buenos Aires;(54) (11) 4763-1064;(54) (11) ;(54) (11) 4766-2211/3894;informes@s-amigoscalleparana.com.ar;http://
Sociedad de Comerciantes, Industriales, Propietarios y Afines de Pilar - SCIPA;;Pedro Lagrave;Nº 563;;;1629;Pilar;Buenos Aires;(54) (02322) 428-822;(54) (02322) 426-984;(54) (02322) 428-822;info@scipapilar.org.ar;http://www.scipapilar.org.ar
Sociedad de Comercio e Industria de Junín;;25 de Mayo;Nº 65;;;6000;Junín;Buenos Aires;(54) (02362) 430-912;(54) (02362) 632-345;(54) (02362) 635-255;sociedadjunin@acerca.com.ar;http://www.scij.com.ar
Unión Comercial, Industrial y Afines de Ituzaingó - UCIADI;;Olazábal;Nº 841;;;1714;Ituzaingo;Buenos Aires;(54) (11) 4661-2200 ;(54) (11) 4623-9336;(54) (11) 4661-2200;uciadi@speedy.com.ar;http://www.uciadi.com.ar
Unión de Microempresarios de Malvinas Argentinas - UMMA;;Baroni;Nº 1585;;;1613;Polvorines;Buenos Aires;(54) (11) 4663-3796;(54) (11) 4663-1505 (Locutorio);(54) (11) 4663-1465 (ADELMA,enviar ahí fax);microproduccion@yahoo.com.ar;www.umma-microempresas.com.ar
Unión de Propietarios de Talleres de Reparación de Automóviles - UPTRA;;Calle 9;Nº 726;;;1900;La Plata;Buenos Aires;(54) (0221) 421-8344+ Cel Pte.;(54) (0221) 15-55-1811(Cel. Secret.);(54) (0221) 421-8344;uptra@hotmail.com;http:// NO POSEE
Unión del Comercio y la Industria de Villa Gesell;;Avenida Buenos Aires;Nº 750;Local;;7165;Villa Gesell;Buenos Aires;(54) (02255) 467-022;;;uniondecomercio@gesell.com.ar;http://
Unión del Comercio, la Industria y Producción de Mar del Plata - UCIP;;Jujuy;Nº 1747;;;7600;Mar del Plata;Buenos Aires;(54) (0223) 499-7777 (conmutador);(54) (0223) 499-7769(secretaria de presidencia, Mabel Martinez);(54) (0223) 499-7788;secretaria@ucip.org.ar;http://www.ucip.org.ar
Unión Empresarial del Partido de Moreno - UEM;;Avenida Victorica;Nº 1128;Local 12B NINE Shopping Moreno;;1744;Moreno;Buenos Aires;(54) (0237) 463-0846;(54) (0237) 463-3400;(54) (0237) 463-0846;uem@uem.com.ar;http://www.uem.com.ar
Unión Industrial de Berazategui - UIB;;Calle 15 entre 139 y 140;Nº 3952;;;1884;Berazategui;Buenos Aires;(54) (11) 4256-8966;;(54) (11) 4256-8966;info@uib.org.ar;http://www.uib.org.ar
Unión Industrial del Oeste - UIO;;La Cantabrica;Nº 329;;;1706;Haedo;Buenos Aires;(54) (11) 4628-3239;;(54) (11) 4627-2476;uio@uio.com.ar;http://www.uio.com.ar
Cámara Inmobiliaria de Catamarca;;San Martín;N° 579;;;4700;San Fernando de Catamarca;Catamarca;(54) (03833) 432-027;(54) (03833) 15-408-328(cel del Presidente);(54) (03833) 432-027;julioibarra10@yahoo.com.ar;http://
Unión Comercial de Catamarca;;Sarmiento (dirección del Sr. Di Giovanni);Nº 395;;;4700;San Fernando de Catamarca;Catamarca;(54) (03833) 15-654-530// (Mohaded);(54) (03833) 426-295 (Di Giovanni);(54) (03833) 486-800 (oficina Mohaded);shutfene@cedeconet.com.ar;http://
Asociación de Empresarios de Barranqueras;;Sargento Cabral;N° 5450;;;3503;Barranquera;Chaco;(54) (03722) 481-660;;(54) (03722) 480-909;delpuertofm@arnet.com.ar;http://
Asociación del Comercio, Industria y Producción de Las Breñas;;Avenida General  Jones;Nº 1954;;;3722;Las Breñas;Chaco;(54) (03731) 460-102;;(54) (03731) 461-975;aciplasbrenas@hotmail.com;http://
Asociación Red de Pequeñas y Medianas Empresas - PYMES;;Pasaje Guerrero;Nº 455;1º;;3500;Resistencia;Chaco;(54) (03722) 452-210;;(54) (03722) 452-210;asrepymes@hotmail.com;http://
Cámara de Comercio Exterior del Chaco;;Juan Domingo Perón;Nº 111;Piso 2º;;3500;Resistencia;Chaco;(54) (03722) 435-536 (Sede Fechaco);;(54) (03722) 435-536;gerencia@fechaco.com.ar;http://
Cámara de Comercio, Industria y Producción de Coronel Du Graty;;Mármol;Nº 492;;;3541;Coronel Du Graty;Chaco;(54) (03735) 498-577;(54) (03735) 15-630-1521(Presidente);(54) (03735) 498-577;polinijc@drugraty.com.ar;http://
Cámara de Comercio, Industria y Producción de Hermoso Campo;;Jorge Corradi;Nº 41;;;3733;Hermoso Campo;Chaco;(54) (03735) 495-902;;(54) (03735) 495-902;sterzer2@yahoo.com.ar;http://
Cámara de Comercio, Industria y Producción de Machagai - CCIPM;;Córdoba;Nº 57;;;3534;Machagai;Chaco;(54) (03734) 470-984;;(54) (03734) 470-984;info@camaracomerciomacha.com.ar;http://
Cámara de Comercio, Industria y Producción de Resistencia;;Peatonal Juan Domingo Perón;Nº 111;Piso 3º;;3500;Resistencia;Chaco;(54) (03722) 448-500 ;;(54) (03722) 431-177;gciacam@camaracomerciorcia.com.ar;http://www.camaracomerciorcia.com.ar
Cámara de Comercio, Industria y Producción de San Bernardo;;25 de Mayo;Nº 361;;;3701;San Bernardo;Chaco;(54) (03735) 496-895 (Neg. Pte.);(54) (03735) 496-414 (Neg. Tesorero);(54) (03735) 496-438;anagmega@hotmail.com;http://
Cámara de Comercio, Industria y Producción de Villa Ángela y Pueblos Circunvecinos;;Avenida Uruguay;Nº 171;;;3540;Villa Angela;Chaco;(54) (03735) 430-506;(54) (03735) 430-650;(54) (03735) 430-650;ccva@angela.com.ar;http://
Cámara de Comercio, Industria, Producción y Servicio de Presidencia Roque Sáenz Peña - CCIPS;;Mariano Moreno ;Nº 845;Planta Alta;;3700;Roque Saenz Peña;Chaco;(54) (03732) 422-068;(54) (03732) 421-435;(54) (03732) 426-832;camaradecomerciosp@arnet.com.ar;http://
Cámara de Comercio, Industria, Producción y Servicio del Departamento de Bermejo;;Avenida 25 de Mayo;Nº 1086;;;3500;La Leonesa;Chaco;(54) (03722) 470-733;(54) (03722) 470-388 (Secretario);(54) (03722) 471-130;serviciossanfranciscosrl@hotmail.com;http://
Cámara de Comercio, Industria, Producción y Servicios de Provincia de la Plaza;;Sargento Cabral;Sin Nro.;;;3506;Presidencia de la Plaza;Chaco;(54) (03734) 420-301 (Neg);;(54) (03734) 420-301;bruno_garcia04@hotmail.com;http://
Cámara de Comercio, Producción, Industria y Servicios de General Pinedo - CCPI y S;;Calle 14 esquina 13;Sin Nro.;;;3732;General Pinedo;Chaco;(54) (03731) 480-547;(54) (03731) (03735)15-630-039;(54) (03731) 480-329;miguel@dugraty.com.ar;http://
Cámara de la Industria, Diseño, Indumentaria y Textil del Chaco - CIDITECH;;Mitre Esquina Santa Fe;Universidad Popular;;;3500;Resistencia;Chaco;(54) (03722) 446-768;(54) (03722) 15-335-322;(54) (03722) 446-768;fabian_p_barreto@hotmail.com;http://
Cámara de la Producción, Industria y Comercio de Quitilipi;;La  Rioja;Nº 270;;;3530;Quitilipi;Chaco;(54) (03732) 480-004;(54) (03732) 480-023 (Neg.  Sr. Villacorta);(54) (03732) 481-662;skochowiec@hotmail.com;http://
Cámara del Comercio Automotor y Afines del Chaco;;Alberdi;Nº 721;;;3500;Resistencia;Chaco;(54) (03722) 434-065 (Local del Pte. Cabral);(54) (03722) 434-066//429-744;(54) (03722) 433-756;autocabral@gigared.com.ar;http://
Cámara Inmobiliaria del Chaco;;Julio A. Roca ;N° 471;;;3500;Resistencia;Chaco;(54) (03722) 435-840 (Part. vice Sr. Camors);(54) (03722) 436-482(cámara);;sironi@gigared.com;http://
Cámara Regional Económica El Zapallar - CRELZ;;Mariano Moreno;Nº 10;;;3509;General San Martín;Chaco;(54) (03725) 421-581;;(54) (03725) 421-581;crelzapallar@yahoo.com.ar;http://
Centro de Comercio, Industria, Producción, Servicios y Afines de Campo Largo;;Manuel Belgrano;Sin Nro.;;;3716;Campo Largo;Chaco;(54) (03732) 495-043;;(54) (03732) 495-043;hgaspoz@yahoo.com.ar;http://
Centro de Informes Comerciales de Resistencia - CICRE ;;General Vedia;Nº 184;Planta Alta;;3500;Resistencia;Chaco;(54) (03722) 450-888;(54) (03722) 429-744;(54) (03722) 433-756;gerencia@cicre.org.ar;http://www.cicre.org.ar
Colegio de Corredores Inmobiliarios de Provincia del Chaco - CCIC;;Peatonal Perón;Nº 111;Piso 2º;;3500;Resistencia;Chaco;(54) (03722) 429-771;;;colegioinmobiliariochaco@gmail.com;http://
Colegio de Farmacéuticos del Chaco;;San Lorenzo;Nº 375;;;3500;Resistencia;Chaco;(54) (03722) 436-253;(54) (03722) 426-119;(54) (03722) 436-253 // 426-119;cfchaco@gigared.com;http://
Instituto de Jóvenes Empresarios de Federación Económica del Chaco;;Juan Domingo Perón;Nº 111;Piso 2º;;3500;Resistencia;Chaco;(54) (03722) 435-536;;;info@ijefech.com.ar;http://www.ijefech.com.ar
Cámara de Comercio e Industria del Este de Chubut;;Avenida Fontana;Nº 355;;;9100;Trelew;Chubut;(54) (02965) 420-802;(54) (02965) 420-317 (Cámara);(54) (02965) 433-965;cicech@ar.inter.net;http://www.cicech.com.ar
Cámara de Comercio, Industria y Producción de Comodoro Rivadavia - CACIPCR;;Avenida Rivadavia;Nº 452;;;9000;Comodoro Rivadavia;Chubut;(54) (0297) 446-6500;(54) (0297) 447-0300;(54) (0297) 446-6500;info@cacipcr.com.ar;http://www.cacipcr.com.ar
Cámara de Comercio, Industria, Producción y Turismo del Oeste del Chubut;;25 de Mayo;Nº 415;Planta Alta;Local 5;9200;Esquel;Chubut;(54) (02945) 451-447;(54) (02945) 450-983 (Negocio);;camcomesq@speedy.com.ar;http://
Cámara de Comercio, Turismo, Pesca y Ganadería de Península Valdés;;Avenida de las Ballenas - Puerto Pirámide;Sin Nro.;;;9121;Península Valdés;Chubut;(54) (02965) 495-092 Grosso;(54) (02965) 495-030 (Hotel Haugaard);;cata@hosteriaparadise.com.ar;http://
Cámara de Industria y Comercio de Rawson - CICR;;Pasaje Juan Muzzio;Nº 157;;;9103;Rawson;Chubut;(54) (02965) 484-621;;(54) (02965) 484-621;yohanna_cicrw@yahoo.com.ar;http://www.cicderawson.com.ar
Cámara de Industria, Comercio y Producción de Puerto Madryn - CAMAD;;Paulina Escardo (y Gob. Galina);sin nro.;;;9120;Puerto Madryn;Chubut;(54) (02965) 471-572;;(54) (02965)  ;secretaria@cicpm.org;http://www.cicpm.org
Asociación Comerciantes Minoristas de Carne de Córdoba;;R. de Santa Fé;N° 551;;;5000;Córdoba;Córdoba;;;;;http://
Asociación de Empresarios de la Región Centro Argentino - AERCA;;San Juan;N° 1369;;;5900;Villa María;Córdoba;(54) (0353) 453-1378;(54) (0353) 154-299-794;(54) (0353) 453-4814;aerca@arnet.com.ar;http://www.aerca.org.ar
Cámara de Comerciantes e Industriales Mayoristas de la Provincia de Córdoba - CCIM;;Buenos Aires;Nº 330;E.P.;Of. 6;5000;Córdoba;Córdoba;(54) (0351) 428-0585;(54) (0351) 428-0585;;camara_mayorista@arnet.com.ar;http://www.camaramayoristacba.com.ar
Cámara de Comerciantes en Artefactos para el Hogar de Córdoba;;Gral. Paz;Nº 79;Piso 3º;;5000;Córdoba;Córdoba;(54) (0351) 422-9767(Int. 26) ;(54) (0351) 422-9950;;ccahecba_secretaria@hotmail.com;http://
Cámara de Comercio de Córdoba;;Avenida General Paz;Nº 79;Piso 2º;;5000;Córdoba;Córdoba;(54) (0351) 422-9950;(54) (0351) 422-9767;(54) (0351) 422-2570;camcomcba@arnet.com.ar;www.camcomcba.com.ar
Cámara de Ferreterías, Pinturerías, Materiales de Construcción, Artículos Rurales, Eléctricidad, Madera y Afines - CAFPICREM;;Constitución;Nº 846;Piso 3º;;5800;Río Cuarto;Córdoba;(54) (0358) 464-3164;;;cafpicrem@live.com.ar;
Cámara de Ferreterías, Sanitarios, Hierros y Afines;;Domingo Zípoli - Bº Villa Cabrera;Nº 2050 ;;;5000;Córdoba;Córdoba;(54) (0351) 480-0536;;(54) (0351) 480-0536;info@camferreteriascba.com.ar;www.camferreteriascba.com.ar
Centro Comercial Industrial y de Servicios de Marcos Juárez;;España;Nº 125;;;2580;Marcos Juárez;Córdoba;(54) (03472) 424-831;(54) (03472) 15-531-741;(54) (03472) 457-111;centrocomercial@arnetbiz.com.ar;http://
Centro Comercial, Industrial y de la Propiedad de Las Varillas;;Belgrano  (Esquina Sarmiento);Nº 1;;;5940;Las Varillas;Córdoba;(54) (03533) 422-014;(54) (03533) 422-013;(54) (03533) 422-008;cecomlv@lasvarinet.com.ar;http://
Centro Comercial, Industrial y de Servicios de Laboulaye ;;Avenida Independencia;Nº 232;Piso 1;Of. 22;6120;Laboulaye;Córdoba;(54) (03385) 427-693;;(54) (03385) no tiene;cclaboulaye@arnet.com.ar;http://
Centro de Almaceneros, Autoservicios y Comerciantes Minoristas de Córdoba;;Lima;Nº 379;;;5000;Córdoba;Córdoba;(54) (0351) 422-3191;(54) (0351) 15-633-0828;(54) (0351) 421-8801;nivelcomercial@fibertel.com.ar;http://
Centro de Empresarios Regional de Bell Ville;;Hipólito Irigoyen;Nº 338;;;2550;Bell Ville;Córdoba;(54) (03534) 426-494;(54) (03534) 413-938;(54) (03534) 426-494;cerbell@nodosud.com.ar;http://
Centro Empresario, Comercial, Industrial y de Servicios de Río Cuarto - CECIS;;Constitución;Nº 846;Piso 3°;;5800;Río Cuarto;Córdoba;(54) (0358) 464-1669;(54) (0358) 464-1361;(54) (0358) 464-3860;cecis@cecis.org.ar;http://www.cecis.org.ar
Unión Fuerzas Económicas del Oeste de Córdoba;;Belgrano;Nº 33;;local 6;5870;Villa Dolores;Córdoba;(54) (03544) 42-1760;;;rolandobonel@vdolores.com.ar;http://
Asociación de la Producción, Industria y Comercio de Corrientes - APICC;;Salta;Nº 769;;;3400;Corrientes;Corrientes;(54) (03783) 432-777;(54) (03783) 421-368;(54) (03783) 421-583;presidencia@apicc.com.ar ;http://www.apicc.com.ar
Asociación del Comercio y la Industria de Paso de Los Libres;;Coronel López;N° 1388;;;3230;Paso de Los Libres;Corrientes;(54) (03772) 424-650  8.30-12/  17.00/20.30 hs;;(54) (03772) 421-312 8.30-12.30/16.20.30;danielbigote@hotmail.com;http://
Centro - Club Progreso y de las Actividades Económicas;;Urquiza;Nº 1140;;;3190;La Paz;Entre Ríos;(54) (03437) 422178;;;cclp@flytel.com.ar;http://
Centro Comercial e Industrial de Paraná;;25 de Mayo;Nº 28;Piso 1º;;3100;Paraná;Entre Ríos;(54) (0343) 431-2785;(54) (0343) (8 a 12 y 16 a 20hs);;cciparana@infovia.com.ar;http://
Centro Comercial, Industrial y de la Producción de Concepción del Uruguay - CECOM;;Eva Perón;Nº 38;Piso 1º;;3260;Concepción del Uruguay;Entre Ríos;(54) (03442) 425-703;(54) (03442) 430-068;(54) (03442) 430-068  // 425-703;cecomadm@arnetbiz.com.ar;http://www.cecom-web.org.ar
Centro de Actividades Económica de Chajari - CAECH;;Avenida Belgrano;Nº 1250;;;3228;Chajari;Entre Ríos;(54) (03456) 42-1681;;(54) (03456) 42-0758;caech@servirnet.com;http://
Centro de Comercio, Industria y Servicios de Concordia - CCISC;;La Rioja;Nº 622;;;3200;Concordia;Entre Ríos;(54) (0345) 422-3563;;(54) (0345) 421-1551;ccisc@concordia.com.ar;http:// www.centrodecomercio.org.ar
Centro de Defensa Comercial e Industrial de Gualeguaychú - CDCI;;25 de Mayo;Nº 1008;;;2820;Gualeguaychú;Entre Ríos;(54) (03446) 426-957 ;(54) (03446) 426-360;(54) (03446) 424-513;secretaria@cdci-gchu.com.ar;http://www.cdci-gchu.com.ar
Asociación de Mujeres Emprendedoras de Formosa - AMEFOR;;Paraguay;Nº 552;PB;;3600;Formosa;Formosa;(54) (03717) 440-432;(54) (03717) 15-664-497;;contacto@consultoraynfante.com.ar;http://
Cámara de Industria y Comercio de Formosa;;Brandsen;Nº 774;;;3600;Formosa;Formosa;(54) (03717) 430-637;;(54) (03717) 430-637;caincofsa@arnet.com.ar;http://
Cámara de la Pequeña y Mediana Empresa de Formosa - CAPYMEF;;Maipú;Nº 651;;;3600;Formosa;Formosa;(54) (03717) 432-323;;(54) (03717) 432-323;info@capymef.org.ar;www.capymef.org.ar
Cámara Pyme de Pilcomayo;;España;N° 742;;;3610;Clorinda;Formosa;(54) (03718) 425-377;;;pilcomayopymes@hotmail.com;http://
Cámara de Comercio, Industria y Producción de La Quiaca;;Avenida Lamadrid;Nº 344 - 346;;;4650;La Quiaca;Jujuy;(54) (03885) 422-487;(54) (03885) 8.30 A 13.30 y 16.30 A 20hs;(54) (03885) 422-487;jcalizaya@laquiaca.com.ar;http://
Unión Empresarios de Jujuy - UEJ;;Belgrano;N° 860;Piso 1º;Bº Centro;4600;San Salvador de Jujuy;Jujuy;(54) (0388) 423-0883;(54) (0388) 423-7819;(54) (0388) 428-0870;empresariosdejujuy@hotmail.com;http://www.ueju.com.ar
Unión Industrial de Palpalá - UIP;;Alvear (Esquina Congreso);Nº 500;;;4612;Palpalá - General Savio;Jujuy;(54) (0388) 427-0141;;(54) (0388) 427-0141;uipalpala@cootepal.com.ar;http://
Cámara de Comercio y Afines de General Pico - CCyA;;Calle 15  - Esquina 6;Nº 210;;;6360;General Pico;La Pampa;(54) (02302) 437-377;(54) (02302) 435-886;(54) (02302) 437-377;ccya@generalpico.com.ar;http://no poseen
Cámara de Comercio, Industria y Producción de Santa Rosa ;;Hilario Lagos;Nº 54;;;6300;Santa Rosa;La Pampa;(54) (02954) 433-2213 - Cámara;(54) (02954) 411-422;;camcom@cpenet.com.ar;http://www.camaradecomerciolp.com.ar
Cámara de Comercio, Industria y Servicios de Eduardo Castex - La Pampa;;España;Nº 1069;;;6380;Eduardo Castex;La Pampa;(54) (02334) 443-039;(54) (02334) 15-485-700(Cel. Pte.);(54) (02334) 443-039;camcom@cospec.com.ar;http://
Cámara de Comercio, Industria, Producción y Servicios de General Acha;;Martínez de Hoz  (y Victoriano Rodríguez);Nº 720;;;8200;General Acha;La Pampa;(54) (02952) 432-691;(54) (02952) 436-304 (Locutorio fax);(54) (02952) 437-259 (Part. Pte. luego de las 18 hs);;http://
Centro de Industria y Comercio de Realicó - CICRE;;España;Nº 1851;;;6200;Realicó;La Pampa;(54) (02331) 462-252;;(54) (02331) 462-252;cicrealico@todosoft-sat.com.ar;http://
Corporación Industrial, Comercial, Agropecuaria Regional de General Pico - La Pampa - CICAR ;;Calle 13;Nº 749;;;6360;General Pico;La Pampa;(54) (02302) 430-492;(54) (02302) 15-600-512 (Cel. Roberto, Biassotti);(54) (02302) 424-022;cicar@generalpico.com.ar;http://www.cicar.org.ar
Unión Industrial de La Pampa - UNILPA;;Calle 15;Nº 1532;;;6360;General Pico;La Pampa;(54) (02954) 421-044;;(54) (02954) 421-044;unilpa@ciudad.com.ar;http://
Cámara Comercial, Industrial y Comunitaria de Chilecito;;Castro Barros;Nº 225;Piso P.B.;Local 1;5360;Chilecito;La Rioja;(54) (03825) 424-325;;(54) (03825) 424-325;escudero_59@hotmail.com;http://
Centro Comercial e Industrial de La Rioja - CCILAR;;Copiapó;Nº 235;Planta Alta;;5300;La Rioja;La Rioja;(54) (03822) 423-060;(54) (03822) 15-504-164 (Pte. Miskoski);(54) (03822) 422-433;ccilar@arnet.com.ar;http://usuarios.arnet.com.ar/ccilar/
Cámara de Comercio Indumentaria y Afines de Mendoza;;Pedro Vargas;Nº 632;;;5500;Mendoza;Mendoza;(54) (0261) 423-0012 (SURIANO);;;rd-estudio@arlinkbbtcom.ar;http://
Cámara de Comercio Industria y Agricultura de Tunuyán;;Hipólito Yrigoyen;Nº 745;;;5560;Tunuyán;Mendoza;(54) (02622) 423-131;;(54) (02622) 423-131// 422-108;camtyan@speedy.com.ar;http://
Cámara de Comercio, Industria y Agricultura de General San Martín;;Centro Comercial Echesorto y Casas - Pasaje 5;;Local 73/75;;5570;Gral. San Martín;Mendoza;(54) (02623) 420-199;(54) (02623) 423-950;(54) (02623) 420-199;info@camaramza.com.ar ;http://
Cámara de Comercio, Industria y Agropecuaria de San Rafael - CCIA;;Avenida Libertador;Nº 78;Piso 1º;;5600;San Rafael;Mendoza;(54) (02627) 422-290;(54) (02627) 422-312;(54) (02627) 430-038;camarasanrafael@infovia.com.ar;http:// en construcción
Cámara de Comercio, Industria y Producción de Luján de Cuyo;;Balcarce;Nº 258;;;5507;Lujan de Cuyo;Mendoza;(54) (0261) 498-0669;;(54) (0261) 498-0669;camcomlujan@speedy.com.ar;http://
Cámara de Comercio, Industria y Producción de San Carlos de Mendoza;;San Martín;Nº 250;;;5569;San Carlos;Mendoza;;;;vgongora@ciudad.com.ar;http://
Cámara de Comercio, Industria, Turismo y Servicios de la Ciudad de Mendoza - CECITYS;;9 de Julio;Nº 1120;2º;;5500;Mendoza;Mendoza;(54) (0261) 4203-113;;(54) (0261) 4203-113;cecitysmza@speedy.com.ar;
Unión Comercial de Maipú;;Juan Domingo Perón;Nº 24;;;5515;Maipú;Mendoza;(54) (0261) 497-3570;;(54) (0261) 497-3570;unioncomermaipu24@yahoo.com.ar;http://
Asociación de Productores, Industriales y Comerciantes Forestales de Misiones - APICOFOM;;Av. Rademacher;N° 3413;;;3300;Posadas;Misiones;(54) (03752) 439-324;(54) (03752) 430-169;(54) (03752) 439-324;apicofom@arnet.com.ar;http://
Cámara de Comercio e Industria de Posadas - CCIP;;Tucumán;Nº 1807;;;3300;Posadas;Misiones;(54) (03752) 423-063;(54) (03752) 15-689-799 (Cel.Direcc);(54) (03752) 423-063;ccip@arnet.com.ar;http://www.cciposadas.com.ar
Cámara de Comercio, Industria, Comercio Exterior y Afines de Puerto Iguazú - CCI;;Avenida Victoria Aguirre Norte;N° 354;;;3370;Puerto Iguazú;Misiones;(54) (03757) 420-862;;(54) (03757) 421-546;camaraigr@hotmail.com;http://
Cámara de Comercio, Industria, Turismo y Servicio de Libertador General San Martín;;Avenida 9 de Julio;Nº 2043;;;3334;Puerto Rico;Misiones;(54) (03743) 420-155;;;dionisioluisvillalba@ciudad.com.ar;http://
Cámara Regional de Industria, Producción y Comercio de Oberá - CRIPCO;;9 de Julio;Nº 934;;;3361;Oberá;Misiones;(54) (03755) 401-323;;(54) (03755) 427-433;cripco@arnet.com.ar;http://www.cripco.com.ar
Centro Comercial e Industrial de Cutralco y Plaza Huincul - CCICCOCH;;Avenida Roca (y Carlos Rodríguez);Nº 408;Piso 1º;;8322;Cutralco;Neuquen;(54) (0299) 496-8061;(54) (0299) 15-405-4685 (celular Sr. Vandalba);(54) (0299) 496-1712;cciccoph@copelnet.com.ar;http://www.cciccoch.com.ar
Asociación de Comercio, Industria y Producción de  Afines de Neuquén - ACIPAN;;Diagonal 9 de julio;Nº 67;Piso 2º;Of.:3 ;8300;Neuquén;Neuquén;(54) (0299) 448-6666 - Horario 9 a 13 y 16.30 a 20.30hs.;(54) (0299) 442-4454 /443-5617;(54) (0299) 447-2100;acipan@speedy.com.ar;
Cámara de Comercio, Industria y Producción de Zapala - CClyPZ;;Avenida Avellaneda;Nº 1267;;;8340;Zapala;Neuquén;(54) (02942) 431-109;;(54) (02942) 431-109;d.camara@speedy.com.ar;http://www.cipz.com.ar
Cámara de Mujeres Pymes del Sur Argentino - CMP del SUR;;Rivadavia;Nº 113;;;8300;Neuquén;Neuquén;(54) (0299) 442-5693;(54) (0299) 15-404-9829 (Cel. Pte);(54) (0299) 442-5693;mujerespymes@yahoo.com.ar;www.reddeemprendimiento.com.ar
Cámara Inmobiliaria de Neuquén - CIN;;Rivadavia;N° 86;Piso 2º;Oficina 7;8300;Neuquén;Neuquén;(54) (0299) 442-8876 (10 a 14Hs);;(54) (0299) 442-8876;info@martillerosneuquen.com.ar;http://
Cámara de Agricultura, Industria y Comercio de General Roca - Río Negro;;Bme. Mitre;Nº 944;PB;;8332;Gral. Roca;Río Negro;(54) (02941) 431-928;;(54) (02941) 431-928;caicgr@ibap.com.ar;http://
Cámara de Comercio e Industria de Cinco Saltos;;Laprida;Nº 89;;;8303;Cincos Saltos;Río Negro;(54) (0299) 4980-189 -Horario 8-16 hs-;(54) (0299) 4983-683 // 4982-755;(54) (0299) 4980-189;camaradecomercio5saltos@yahoo.com.ar;http://
Cámara de Comercio, Industria y Agricultura de Catriel y Piedras Blancas;;Avenida Argentina y General Mosconi;Nº 280;;;8307;Catriel;Río Negro;(54) (0299) 491-2376 (negocio Pte.);(54) (0299) 15-457-1971 (Cel. Pte.);;jlc545@hotmail.com;http://
Cámara de Comercio, Industria y Producción de Villa Regina -Cc;;Reconquista;Nº 54;;;8336;Villa Regina;Río Negro;(54) (02941) 463-073;;(54) (02941) 463-073;info@camaravr.com.ar;http://www.camaravr.com.ar
Cámara de Comercio, Industria y Producción del  Valle Medio - CCIPVM;;Avenida San Martín;N° 1045;;;8360;Choele Choel;Río Negro;(54) (02946) 443-599;(54) (02946) 02941-15-641-005 (cel. Rossi);(54) (02946) 443-599;ccipvm@mymcom.com.ar;http://
Cámara de Comercio, Industria, Turismo, Servicios y Producción de San Carlos de Bariloche - CCISCB;;Elflein;Nº 322;;;9400;San Carlos de Bariloche;Río Negro;(54) (02944) 424-426 de 9 a 13 Hs.;(54) (02944) 422-738;(54) (02944) No tienen;camara@speedy.com.ar;http://
Cámara de Comercio, Servicios e Industrias de Sierra Grande - CCSISG;;Belgrano;Nº 220;;;8532;Sierra Grande;Río Negro;(54) (02920) 15-644-316;;;djjrosa76@hotmail.com;http://
Cámara de Comercio, Turismo, Industria y Producción de Viedma;;Congreso de Tucumán;Nº 433;Piso P.B.;;8500;Viedma;Río Negro;(54) (02920) 425-503 -Horario 10 a 12.30 y 17 a 18 hs.;;(54) (02920) 425-503 - Horario 10 a 12.30 y 17 a 18 hs.-;ccviedma@rmonline.com.ar;http://
Cámara de Comercio e Industria de Salta - CCeIS;;España;Nº 339;;;4400;Salta;Salta;(54) (0387) 431-5358;(54) (0387) 431-6390;(54) (0387) 431-0189;camarasalta@arnet.com.ar;www.camaracomerciosalta.org.ar
Centro de Comercio de Colonia Santa Rosa;;Las Heras;Nº 485;;;4432;Colonia Santa Rosa;Salta;(54) (03878) 49-4241-Marcelo-;;;;http://
Cámara de Ferreterías Bazares y Afines de San Juan;;Avenida Libertador San Martín (Este);Nº 575;Piso 1;;5400;San Juan;San Juan;(54) (0264) 421-4540;(54) (0264) 423-3490;(54) (0264) 421-4540;federacioneconomicasj@speedy.com.ar;http://
Cámara de la Construcción e Inmobiliaria de San Juan;;Avenida Libertador San Martín;Nº 575 - Este;;;5400;San Juan;San Juan;(54) (0264) 421-4540;(54) (0264) 422-4446 (Negocio. Pte. Mulet);(54) (0264) 421-4540;cci_sj@yahoo.com.ar;http://
Centro Comercial de San Juan - CCSJ;;Avenida José Ignacio de La Roza;Nº 270 - Este;2º;Dto. 201;5400;San Juan;San Juan;(54) (0264) 421-5523;;(54) (0264) 4215523;ccsj@mininocsj.com.ar;http://
Centro Comercial e Industrial de Rawson;;Avenida  Mendoza;N° 4244 Sur;;;5400;San Juan;San Juan;;;;centrocomercial4244@hotmail.com;http://
Asociación Comerciantes del Centro, Amigos y Empresarios de Villa Mercedes - ACCAE;;Lavalle;Nº 462;;;5730;Villa Mercedes;San Luis;(54) (02657) 426-480 8.30/12 -17/21 hs;;(54) (02657) 426-480;info@camaraeconomica.com.ar;http://
Cámara de Comercio y Afines de la Ciudad de Villa Mercedes - COEFIN;;Lavalle;Nº 213;;;5730;Villa Mercedes;San Luis;(54) (02657) 423-153 (9 a 13 y17 a 21);(54) (02657) 432-027;(54) (02657) 423-153;camaracomerciovm@yahoo.com.ar;http://
Cámara de Comercio, Industria y Producción de San Luis;;Junín;Nº 728;;;5700;San Luis;San Luis;(54) (02652) 436-195;;(54) (02652) 440-501;camcomerciosanluis@speedy.com.ar;no tienen
Cámara de Pymes de la Provincia de San Luis;;Avenida Mitre;Nº 1528;;;5730;Villa Mercedes;San Luis;(54) (02657) 15-543-280 (Secr. Jorge Bustos);(54) (02657) 15-609-426;(54) (02657) 15-500-063 (Sra. Olga);info@pymesanluis.com.ar;http://www.pymesanluis.com.ar
Cámara Empresarial  Pymes Provincia de San Luis;;Pedernera;Nº 725;;;5730;Villa Mercedes;San Luis;(54) (02657) 15-500-063//156-094-426;(54) (02657) 15-562-156 // 242-0208;(54) (02657) 242-0208;info@camarapymesanluis.com.ar;http://www.pymesanluis.com.ar
Cámara de Comercio, Industria y Afines de Río Gallegos - CCIARG;;9 de Julio;Nº 32;;;9400;Río Gallegos;Santa Cruz;(54) (02966) 420-870;(54) (02966) 420-998;(54) (02966) 420-870;ccomriog2@speedy.com.ar;http://
Cámara de Comercio, Industria y Producción de Pico Truncado;;Sarmiento;Nº 832;;;9015;Pico Truncado;Santa Cruz;(54) (0297) 499-2029;;;lsalazar@las-s.a.com.ar;http://
Cámara de Comercio, Industria y Servicios de Caleta Olivia;;Lisandro de La Torre;Nº 117;;;9011;Caleta Olivia;Santa Cruz;(54) (0297) 485-1579 Cámara;(54) (0297) 485-7777 (para fax, estudio de Barboza);;gbarboza@gmail.com;http://
Cámara de Comercio, Turismo, Industria y Afines de El Calafate - CCTIyA ;;Julio A. Roca;Nº 1366;;;9405;El Calafate;Santa Cruz;(54) (02902) 491-196;(54) (02902) 15-500-749(Directivo);(54) (02902) 492-382;administracion@camaracalafate.com.ar;http://www.camaracalafate.com.ar
Cámara Inmobiliaria de Río Gallegos;;Piedra Buena;Nº 167;;;9400;Río Gallegos;Santa Cruz;(54) (02968) 435-421;;(54) (02968) 424-687;cmanuelides@inmocarhu.com.ar;
Unión de Entidades Empresariales Patagonia Sur;;Piedra Buena;Nº 167;;;9400;Río Gallegos;Santa Cruz;(54) (02966) 435-421;;(54) (02966) 424-687;cmanuelides@inmocaru.com.ar;http://
Asociación de Comercio e Industria de Villa Gobernador Gálvez - ACIVGG;;Avenida Juan Domingo Perón;N° 1945;;;2124;Villa Gobernador Gálvez;Santa Fe;(54) (0341) 492-3810;;(54) (0341) 492-1569;aci@coopvgg.com.ar;http://www.acivgg.org.ar
Cámara de Comerciantes en Artefactos para el Hogar del Centro y Norte de la Provincia de Santa Fe;;Irigoyen Freyre;Nº 2857;;;3000;Santa Fe;Santa Fe;(54) (0342) 453-3087;(54) (0342) 452-4896;(54) (0342) 453-3087;camhogarsfe@arnet.com.ar;http://
Cámara Empresaria de Tostado - CET;;12 de octubre;Nº 1522;;;3060;Tostado;Santa Fe;(54) (03491) 470-468;;(54) (03491) 470-468;camaraempresarios@tostado.com.ar;http://
Cámara Federal de Empresas de Aguas, Gaseosas y Bebidas sin Alcohol - CAFEBSA;;Belgrano;N° 1025;;;3560;Reconquista;Santa Fe;(54) (03482) 429-857;;(54) (03482) 429-857;;http://
Centro Comercial - Las Toscas;;Calle 25 esquina 8;Sin N°;;;3586;Las Toscas;Santa Fe;(54) (03482) 492-295;(54) (03482) 492-852;(54) (03482) 492-852;centrocomercial@ltoscas.com.ar;http://
Centro Comercial de San Cristóbal - CCS;;Pueyrredón;Nº 1190;;;3070;San Cristóbal;Santa Fe;(54) (03408) 422-843;;(54) (03408) 422-843;centrocomercial@cisc.net.ar;http://
Centro Comercial e Industrial de Alcorta;;Carlos Pellegrini;Nº 128;;;2117;Alcorta;Santa Fe;(54) (03465) 470-599;;(54) (03465) 470-196;ccia@alconet.com.ar;http://
Centro Comercial e Industrial de Gobernador Crespo - CCI;;Belgrano e Italia;;;;3044;Gobernador Crespo;Santa Fe;(54) (03498) 480-708;;(54) (03498) 480-708;ccicrespo@gcrespo.com.ar;http://
Centro Comercial e Industrial de Rafaela;;Necochea;N° 84;;;2300;Rafaela;Santa Fe;(54) (03492) 435-071;(54) (03492) 432-400;(54) (03492) 501-200;info@ccir.org.ar;http://www.ccir.org.ar
Centro Comercial e Industrial de San Carlos ;;J.D. Perón;Nº 408;Piso 1º;;3013;San Carlos Centro;Santa Fe;(54) (03404) 420-173;;(54) (03404) 420-173;ctrocialindus@arcanetsa.com.ar;http://
Centro Comercial e Industrial de San Justo - CCSJ;;Independencia;Nº 2633;;;3040;San Justo;Santa Fe;(54) (03498) 427-214 + cel;(54) (03498) 426-594;(54) (03498) 427-214;ccomercial@sanjustosf.com.ar;http://www.ccisj.com.ar
Centro Comercial e Industrial de Venado Tuerto - CCelVT;;San Martín;Nº 75;Piso 1º;;2600;Venado Tuerto;Santa Fe;(54) (03462) 421-221;(54) (03462) 462317;(54) (03462) 421-221;info@centrocomercialvt.com.ar;http://www.centrocomercialvt.com.ar
Centro Comercial e Industrial Laguna Paiva;;Avenida San Martín;Nº 1276;;;3020;Laguna de Paiva;Santa Fe;(54) (0342) 494-0115;;(54) (0342) 494-0115;cclagunapaiva@yahoo.com.ar;http://
Centro Comercial y Social de Villa Ocampo - CCS;;Avenida San Martín;Nº 1437;;;3580;Villa Ocampo;Santa Fe;(54) (03482) 466-322;(54) (03482) 468-222;;ccomercial@vocampo.com.ar;http://
Centro Comercial, Industrial y Agropecuario de San Guillermo;;M. M. de Güemes;Nº 127;;;2347;San Guillermo;Santa Fe;(54) (03562) 466-185;;(54) (03562) 466-185;centcom@sanguillermo.com.ar;http://
Centro Comercial, Industrial y Bienes Raíces de Pilar;;Rivadavia;Nº 1286;;;3085;Pilar;Santa Fe;(54) (03404) 470-060;;(54) (03404) 470-060;centro@pilar-sfe.com.ar;http://
Centro Comercial, Industrial y de Bienes Raíces de Humboldt - CCIyBs.Rs.H.;;Avenida Beck y Herzog;Nº 1419;;;3081;Humboldt;Santa Fe;(54) (03496) 480-584;(54) (03496) 480-182;;centrocomercial@humboldtnet.com.ar;http://
Centro Comercial, Industrial y de la Producción de Calchaquí;;Mitre;Nº 240;;;3050;Calchaquí;Santa Fe;(54) (03483) 471-097;;(54) (03483) 471-097;centrocomercialcqui@yahoo.com;http://
Centro Comercial, Industrial y de la Producción de Sunchales - CCIP;;25 de Mayo;Nº 473;;;2322;Sunchales;Santa Fe;(54) (03493) 422-105;(54) (03493) 422-777;(54) (03493) 422-105;gerencia@soon.com.ar;http://
Centro Comercial, Industrial, Rural y de Servicios de  Ceres - CCIRyS;;Remedios de San Martín;Nº 138;;;2340;Ceres;Santa Fe;(54) (03491) 420-183;;(54) (03491) 421-624;ccirys@yahoo.com.ar;http://
Centro Comercial, Profesional, Industrial, Prestadores de Servicios y Afines del Distrito Monte Vera - CECOMOVE;;Río Negro;Nº 1252;;;3014;Monte Vera;Santa Fe;(54) (03483) 490-4166 (José L. Colomer);(54) (03483) 490-4796 (Miguel A. Visentini);(54) (03483) 0342-4904796  (8-12/16-20 hs);cecommvera@live.com;http://
Centro Económico de Suardi;;Bv San Martín;Nº 114;;;2349;Suardi;Santa Fe;;;;ces@suardi.com.ar;http://
Centro Económico Firmat - CEF;;Belgrano;Nº 1266;;;2630;Firmat;Santa Fe;(54) (03465) 423-355;;(54) (03465) 423-355;cef@pampacom.com.ar;http://
Centro Industria, Comercio y Afincados de Esperanza - CICAE ;;Amado Aufranc ;Nº 998;;;3080;Esperanza;Santa Fe;(54) (03496) 420-859;(54) (03496) 420-236;(54) (03496) 420-859;info@cicae.org.ar;http://www.cicae.org.ar
Centro Industrial y Comercial del Litoral Norte - CICLN;;Belgrano;Nº 1025;;;3560;Reconquista;Santa Fe;(54) (03482) 420-647//428935;(54) (03482) 422-510;(54) (03482) 424-214;cicrqta@trcnet.com.ar;http://
Centro Regional de Producción, Industria y Comercio de Franck;;Belgrano;Nº 1955;;;3009;Franck;Santa Fe;(54) (0342) 493-0381;(54) (0342) 493-0441(Mutual);(54) (0342) 493-0381;cpic@mevran.com.ar;http://www.centropicfranck.org,.ar
Centro Regional del Comercio Industria y Producción de Recreo;;Simón de Isidoro;N° 761;;;3018;Recreo;Santa Fe;(54) (0342) 496-1406;;(54) (0342) 496-0454;;http://
Asociación Amigos de Calle San Martín -  AACSM;;San Martín  ;Nº 2347;;Ofic.4 y 5 (Galeria Florida);3000;Santa Fé;Santa Fé;(54) (0342) 456-2999 (8 a 14.30 y 16.30 a 20hs);;(54) (0342) 456-2999;info@peatonalsantafe.com;
Asociación Civil Centro Comercial y de la Producción;;Alvear;Nº 2077;;;3005;San Javier;Santa Fé;(54) (03405) 424-739;;(54) (03405) 424-739;centrocomercialsanjavier@yahoo.com.ar;http://
Asociación Civil Profesionales Empresarios - APE;;Polonia;Nº 1644;;;2000;Rosario;Santa Fé;(54) (0341) 437-2978;;(54) (0341) 437-2978;desarrolloregional.net@gmail.com;http://
Asociación de Comerciantes, Industriales, Profesionales y Amigos de Av. Zuviría - ACIPA;;Pedro Ferré;Nº 2928;;;3000;Santa Fé;Santa Fé;(54) (0342) 481-1504;;;acipafz@yahoo.com.ar;http://
Asociación Federal de Controladores de Plagas de la República Argentina - AFECOP;;España;N° 848;;;2000;Rosario;Santa Fé;(54) (0341) 436-0076;(54) (0341) 03722-430-822 Horni;(54) (0341) 447-5639;afecop@afecop.com.ar;http://www.afecop.org.ar
Cámara Argentina de Videoclubes - CAVIC;;San Martín;N° 2819;Piso 2º;Of. A;3000;Santa Fé;Santa Fé;(54) (0342) 457-3262;;(54) (0342) NO TIENEN;info@camaradevideoclubes.com.ar;http://www.camaradevideoclubes.com.ar
Cámara de Comercio Exterior del Norte Santafesino - CCENS ;;Belgrano;Nº 1025;;;3560;Reconquista;Santa Fé;(54) (03482) 429-857;(54) (03482) 498-800(Tel Pte. Fantoni);(54) (03482) 429-857;administracion@ccens.org.ar;http://www.ccens.org.ar
Cámara de Comercio, Industria y Servicios de San Lorenzo y su Zona;;Falucho;Nº 570;;;2200;San Lorenzo;Santa Fé;(54) (03476) 424-970 int.30;(54) (03476) 430-338;(54) (03476) 430338;info@camara-sl.org.ar;www.camara-sl.org.ar
Centro Comercial de Santa Fe - CCSF;;San Martín;Nº 2819;;;3000;Santa Fé;Santa Fé;(54) (0342) 455-8578// 455-5105;(54) (0342) 455-8627// 455-8537;(54) (0342) 457-3260;gerencia@centrocomercialsf.com.ar;http://www.centrocomercialsf.com.ar
Centro Comercial e Industrial de Coronda;;9 de Julio;Nº 1347;;;2240;Coronda;Santa Fé;(54) (0342) 491-0584;;(54) (0342) 491-0584;centrocomercialcoronda@hotmail.com;http://
Centro Comercial e Industrial de Hersilia;;Mitre;Nº 320;;;2352;Hersilia;Santa Fé;(54) (03491) 494-123;(54) (03491) 494-518;(54) (03491) 494-123;lydia@orgchialvo.com.ar;http://
Centro Comercial e Industrial de Malabrigo - CCIM;;San Martín;Nº 1938;;;3572;Malabrigo;Santa Fé;(54) (03482) 454-400;;(54) (03482) 454-400;centrocomercial@malabrigo.com;http://
Centro Comercial, industrial y Agropecuario de Villa Trinidad - CCIA;;Sarmiento;Nº 485;;;2345;Villa Trinidad;Santa Fé;(54) (03491) 491-298;;;daniinglesi@hotmail.com;http://
Centro Comercial, Industrial y de la Producción de Villa Constitución;;Sarmiento;Nº 902;;;2919;Villa Constitución;Santa Fé;(54) (03400) 03400 474-316 / 472-266;(54) (03400) 475-872;(54) (03400) 03400 474-316 / 472-266;administracion@ccipvc.com.ar;http://www.ccipvc.com.ar
Centro Económico Cañada de Gómez;;Lavalle;Nº 1043;;;2500;Cañada de Gómez;Santa Fé;(54) (03471) 422-448;(54) (03471) 421-168;(54) (03471) 422-448 int.13;centroeconomico@mcg.org.ar;http://www.centroeconomico.org.ar
Cámara de Comercio de Añatuya;;Belgrano;Nº 510;;;3760;Añatuya;Santiago del Estero;(54) (03844) 421-467 (Part. Tonani);;;tonanisa@arnet.com.ar;http://
Cámara de Comercio e Industria de Frías;;Carlos Monti;N° 230;;;4230;Frías;Santiago del Estero;(54) (03854) 421-747;;(54) (03854) 421-747;camaracomercio@ifrias.com.ar;http://
Cámara de Comercio e Industria de Santiago del Estero - CCISGO;;Avenida General Roca Sur;Nº 678;;;4200;Santiago del Estero;Santiago del Estero;(54) (0385) 422-4108 (8-12 /17-21hs.);(54) (0385) 421-1134 // 422-4149;(54) (0385) 422-4149;ccisgo@arnet.com.ar;http://
Centro Comercial e Industrial de La Banda;;Alberdi;N° 135;;;4300;La Banda;Santiago del Estero;(54) (0385) 427-0008;(54) (0385) 427-3204;(54) (0385) 427-0008;cci_banda@arnet.com.ar;http://
Centro de Comercio,  Industria y Afines de Las Termas de Río Hondo;;Caseros;N° 268;;;4220;Termas de Río Hondo;Santiago del Estero;(54) (03858) 421-969;;(54) (03858) 421-969;centrocomercio_lastermasriohondo@yahoo.com.ar;http://
Unión Industrial de Santiago del Estero - UISDE;;Mitre;Nº 67;;;4200;Santiago del Estero;Santiago del Estero;(54) (03854) 421-0162;;(54) (03854) 421-2544;info@uisde.com;http://www.uisde.com
Cámara de Comercio y otras Actividades Empresarias de Ushuaia;;Leopoldo Lugones;Nº 1781;;;9410;Ushuaia;Tierra del Fuego;(54) (02901) 424-466;;(54) (02901) 424-466;camaracomercio@speedy.com.ar;http://
Cámara de Comercio, Industria y Producción de Río Grande - CCIPRG;;Avenida San Martín;Nº 627;Piso 1°;;9420;Río Grande;Tierra del Fuego;(54) (02964) 421-971;(54) (02964) 15-600-685 (Pte. Navarro);(54) (02964) 423-236;camaracomercio@uolsinectis.com.ar;http://www.camarariogrande.org.ar
Cámara de Comerciantes en Artefactos para el  Hogar y Afines de Tucumán;;Buenos Aires;Nº 459;;;4000;San Miguel de Tucumán;Tucumán;(54) (0381) 424-8212;(54) (0381) 430-2394;(54) (0381) 421-6440;camarahogar@hotmail.com;http://
Unión Comercial e Industrial de Monteros - UCIM;;25 de Mayo;Nº 264;;;4142;Monteros;Tucumán;(54) (03863) 426-194/428-191;;(54) (03863) 426-194/428-192;ucim_monteros@hotmail.es;http://
